{
    "expTimes": [
        0.20596100389957428,
        0.07885000109672546,
        0.09098000079393387,
        0.0810299962759018,
        0.05696000158786774,
        0.06086000055074692,
        0.059039998799562454,
        0.06168000027537346,
        0.05877000093460083,
        0.13281099498271942,
        0.08330000191926956,
        0.0792199969291687,
        0.08641000092029572,
        0.05615000054240227,
        0.05449000000953674,
        0.05728999897837639,
        0.05829999968409538,
        0.055580999702215195,
        0.050241000950336456,
        0.05439100041985512,
        0.05465000122785568,
        0.0538799986243248,
        0.05795999988913536,
        0.05849999934434891,
        0.06128999963402748,
        0.06819000095129013,
        0.058820001780986786,
        0.060669999569654465,
        0.05618000030517578,
        0.055500999093055725
    ],
    "minKnap": [
        0.046480998396873474,
        0.03762099891901016,
        0.03299099951982498,
        0.03378999978303909,
        0.0340300016105175,
        0.03250100091099739,
        0.033670999109745026,
        0.03585100173950195,
        0.034619998186826706,
        0.032930001616477966,
        0.03206000104546547,
        0.03434000164270401,
        0.03313999995589256,
        0.035670001059770584,
        0.032349999994039536,
        0.03372099995613098,
        0.03203099966049194,
        0.03353999927639961,
        0.032600000500679016,
        0.03641999885439873,
        0.03531999886035919,
        0.03401999920606613,
        0.034170001745224,
        0.032531000673770905,
        0.03323100134730339,
        0.04339100047945976,
        0.03449099883437157,
        0.033911000937223434,
        0.03466999903321266,
        0.03288000077009201
    ]
}