{
    "expTimes": [
        0.1870409995317459,
        0.09228000044822693,
        0.09741099923849106,
        0.0870010033249855,
        0.12855100631713867,
        0.08736000210046768,
        0.08631999790668488,
        0.08732999861240387,
        0.08773999661207199,
        0.1309109926223755,
        0.0826909989118576,
        0.07901100069284439,
        0.05897099897265434,
        0.06484100222587585,
        0.09436099976301193,
        0.06266099959611893,
        0.0633310005068779,
        0.060541000217199326,
        0.0618010014295578,
        0.060221001505851746,
        0.06544099748134613,
        0.061911001801490784,
        0.0581200011074543,
        0.06414999812841415,
        0.06532999873161316,
        0.06282000243663788,
        0.06395000219345093,
        0.06793999671936035,
        0.06261000037193298,
        0.061489999294281006
    ],
    "minKnap": [
        0.04820999875664711,
        0.034561000764369965,
        0.03271999955177307,
        0.03401000052690506,
        0.03322000056505203,
        0.03274000063538551,
        0.036531001329422,
        0.03551099821925163,
        0.0349700003862381,
        0.03381999954581261,
        0.03043000027537346,
        0.03207999840378761,
        0.030330000445246696,
        0.03573000058531761,
        0.03351999819278717,
        0.035590000450611115,
        0.03320999816060066,
        0.034359999001026154,
        0.03413999825716019,
        0.037790000438690186,
        0.034040000289678574,
        0.03511999920010567,
        0.03477000072598457,
        0.034460000693798065,
        0.0347599983215332,
        0.03652000054717064,
        0.035420000553131104,
        0.034961000084877014,
        0.03470100089907646,
        0.03511099889874458
    ]
}