{
    "expTimes": [
        0.11578100174665451,
        0.05954999849200249,
        0.06808000057935715,
        0.06492999941110611,
        0.06129999831318855,
        0.058820001780986786,
        0.0575999990105629,
        0.06024999916553497,
        0.05796999856829643,
        0.05806000158190727,
        0.061089999973773956,
        0.05713000148534775,
        0.0603410005569458,
        0.05805100128054619,
        0.05999099835753441,
        0.059470999985933304,
        0.059721000492572784,
        0.06582099944353104,
        0.059891000390052795,
        0.0567299984395504,
        0.05601999908685684,
        0.05866999924182892,
        0.05665000155568123,
        0.05739999935030937,
        0.05821999907493591,
        0.05688000097870827,
        0.05609099939465523,
        0.05686099827289581,
        0.05752100050449371,
        0.07235100120306015
    ],
    "minKnap": [
        0.05150999873876572,
        0.03955100104212761,
        0.0363209992647171,
        0.03535100072622299,
        0.03852099925279617,
        0.038061000406742096,
        0.04028100147843361,
        0.0401110015809536,
        0.03856100142002106,
        0.03763100132346153,
        0.03677000105381012,
        0.037620000541210175,
        0.039000000804662704,
        0.04016999900341034,
        0.03539999946951866,
        0.03700000047683716,
        0.03620000183582306,
        0.035750001668930054,
        0.03581000119447708,
        0.03903999924659729,
        0.036389999091625214,
        0.036660000681877136,
        0.036600999534130096,
        0.03590099886059761,
        0.03641099855303764,
        0.03894000127911568,
        0.03660000115633011,
        0.03635000064969063,
        0.036479998379945755,
        0.036410000175237656
    ]
}