{
    "expTimes": [
        0.1092199981212616,
        0.06886100023984909,
        0.062369998544454575,
        0.0794610008597374,
        0.0587100014090538,
        0.056940000504255295,
        0.054829999804496765,
        0.05285000056028366,
        0.05849999934434891,
        0.055479999631643295,
        0.056001000106334686,
        0.056561000645160675,
        0.05351100116968155,
        0.05266999825835228,
        0.054420001804828644,
        0.053630001842975616,
        0.05578000098466873,
        0.05686099827289581,
        0.061510998755693436,
        0.0596809983253479,
        0.05548100173473358,
        0.05713000148534775,
        0.05728000029921532,
        0.06124100089073181,
        0.07306099683046341,
        0.05823099985718727,
        0.05893100053071976,
        0.058410000056028366,
        0.057020001113414764,
        0.060109999030828476
    ],
    "minKnap": [
        0.047481000423431396,
        0.03434000164270401,
        0.034449998289346695,
        0.032919999212026596,
        0.03449000045657158,
        0.0372299998998642,
        0.034170001745224,
        0.036511000245809555,
        0.03329100087285042,
        0.03342999890446663,
        0.03217000141739845,
        0.033479999750852585,
        0.033250000327825546,
        0.03686000034213066,
        0.0335099995136261,
        0.0335410013794899,
        0.032540999352931976,
        0.032349999994039536,
        0.033969998359680176,
        0.03805999830365181,
        0.03200000151991844,
        0.2716920077800751,
        0.02751999907195568,
        0.02717999927699566,
        0.028960000723600388,
        0.030899999663233757,
        0.031209999695420265,
        0.02727000042796135,
        0.027160000056028366,
        0.02703000046312809
    ]
}