{
    "expTimes": [
        0.30319198966026306,
        0.091730996966362,
        0.06267099827528,
        0.057590000331401825,
        0.0565200001001358,
        0.05590000003576279,
        0.0537399984896183,
        0.07890000194311142,
        0.057500001043081284,
        0.0544000007212162,
        0.05502999946475029,
        0.05722999945282936,
        0.05136999860405922,
        0.055011000484228134,
        0.05411100015044212,
        0.05731099843978882,
        0.05805100128054619,
        0.05448000133037567,
        0.05471999943256378,
        0.05245999991893768,
        0.053939998149871826,
        0.052299998700618744,
        0.05590000003576279,
        0.05407999828457832,
        0.05223099887371063,
        0.056970998644828796,
        0.05141099914908409,
        0.054370999336242676,
        0.05406000092625618,
        0.054749999195337296
    ],
    "minKnap": [
        0.05276999995112419,
        0.20252099633216858,
        0.033900000154972076,
        0.037300001829862595,
        0.03739999979734421,
        0.03669000044465065,
        0.038130998611450195,
        0.039191000163555145,
        0.03937099874019623,
        0.037060998380184174,
        0.03600100055336952,
        0.03708000108599663,
        0.036959998309612274,
        0.041269998997449875,
        0.0368800014257431,
        0.03753000125288963,
        0.03706999868154526,
        0.03570999950170517,
        0.03668000176548958,
        0.038109999150037766,
        0.037689998745918274,
        0.036660999059677124,
        0.036090999841690063,
        0.037060000002384186,
        0.03435000032186508,
        0.03840000182390213,
        0.037129998207092285,
        0.03660999983549118,
        0.03706999868154526,
        0.03612999990582466
    ]
}