{
    "expTimes": [
        0.1732410043478012,
        0.08726099878549576,
        0.06595099717378616,
        0.05556099861860275,
        0.05946100130677223,
        0.07215099781751633,
        0.06179099902510643,
        0.06510099768638611,
        0.06523100286722183,
        0.060380998998880386,
        0.0603410005569458,
        0.05821099877357483,
        0.056779999285936356,
        0.05858999863266945,
        0.06055999919772148,
        0.057659998536109924,
        0.05928000062704086,
        0.05565999820828438,
        0.05621999874711037,
        0.058309998363256454,
        0.05561000108718872,
        0.06520000100135803,
        0.06185999885201454,
        0.05889999866485596,
        0.053279999643564224,
        0.058341000229120255,
        0.05693100020289421,
        0.05562099814414978,
        0.061510998755693436,
        0.07131099700927734
    ],
    "minKnap": [
        0.054019998759031296,
        0.03920000046491623,
        0.03818000108003616,
        0.03734000027179718,
        0.036979999393224716,
        0.03726999834179878,
        0.03824000060558319,
        0.04022999852895737,
        0.03790999948978424,
        0.03700999915599823,
        0.03598000109195709,
        0.03816999867558479,
        0.037790000438690186,
        0.04064000025391579,
        0.03706999868154526,
        0.035989999771118164,
        0.037790000438690186,
        0.037379998713731766,
        0.036910999566316605,
        0.04160099849104881,
        0.037721000611782074,
        0.03942999988794327,
        0.037459999322891235,
        0.03564000129699707,
        0.03767000138759613,
        0.03988000005483627,
        0.039810001850128174,
        0.03686999902129173,
        0.03821999952197075,
        0.03669000044465065
    ]
}