{
    "expTimes": [
        0.11349999904632568,
        0.07750099897384644,
        0.05462000146508217,
        0.052149999886751175,
        0.055959999561309814,
        0.052730001509189606,
        0.05590999871492386,
        0.056609999388456345,
        0.05203999951481819,
        0.05268099904060364,
        0.052181001752614975,
        0.05189099907875061,
        0.051830001175403595,
        0.04983999952673912,
        0.05646999925374985,
        0.0517599992454052,
        0.06955999881029129,
        0.0521400012075901,
        0.05397000163793564,
        0.05262099951505661,
        0.05147099867463112,
        0.053720999509096146,
        0.05237000063061714,
        0.054010000079870224,
        0.05455999821424484,
        0.052880000323057175,
        0.052570000290870667,
        0.05384000018239021,
        0.05208100005984306,
        0.06541000306606293
    ],
    "minKnap": [
        0.050870999693870544,
        0.03939000144600868,
        0.03633999824523926,
        0.03613999858498573,
        0.035659998655319214,
        0.03582099825143814,
        0.03616100177168846,
        0.03746100142598152,
        0.0370509997010231,
        0.035349998623132706,
        0.03426999971270561,
        0.03633999824523926,
        0.034929998219013214,
        0.03959000110626221,
        0.03539000079035759,
        0.03689999878406525,
        0.035381000488996506,
        0.03605100139975548,
        0.03537999838590622,
        0.03894999995827675,
        0.036400001496076584,
        0.03637000173330307,
        0.03547000139951706,
        0.035259999334812164,
        0.03669999912381172,
        0.03907100111246109,
        0.03663099929690361,
        0.03610000014305115,
        0.037129998207092285,
        0.26982200145721436
    ]
}