{
    "expTimes": [
        0.14362099766731262,
        0.16023099422454834,
        0.09113000333309174,
        0.07270000129938126,
        0.14579099416732788,
        0.11503099650144577,
        0.0771699994802475,
        0.07475999742746353,
        0.07140100002288818,
        0.07820100337266922,
        0.07330100238323212,
        0.06848099827766418,
        0.06902100145816803,
        0.07437100261449814,
        0.06968100368976593,
        0.0718500018119812,
        0.09939000010490417,
        0.07543999701738358,
        0.07599999755620956,
        0.07227099686861038,
        0.06948100030422211,
        0.0702809989452362,
        0.0750809982419014,
        0.07207100093364716,
        0.071431003510952,
        0.06983999907970428,
        0.0710500031709671,
        0.06938999891281128,
        0.07232999801635742,
        0.16418099403381348
    ],
    "minKnap": [
        0.06448999792337418,
        0.050220999866724014,
        0.04651999846100807,
        0.04375100135803223,
        0.05048099905252457,
        0.044280000030994415,
        0.04700100049376488,
        0.046459998935461044,
        0.04513999819755554,
        0.04334999993443489,
        0.04489000141620636,
        0.043529998511075974,
        0.04303000122308731,
        0.04757000133395195,
        0.04188000038266182,
        0.04433000087738037,
        0.04302100092172623,
        0.0427200011909008,
        0.04211999848484993,
        0.047200001776218414,
        0.0420599989593029,
        0.04465999826788902,
        0.05099000036716461,
        0.044679999351501465,
        0.04399000108242035,
        0.04574999958276749,
        0.046491000801324844,
        0.044390998780727386,
        0.052910998463630676,
        0.04509099945425987
    ]
}