{
    "expTimes": [
        0.14030100405216217,
        0.06808000057935715,
        0.06622999906539917,
        0.06391999870538712,
        0.06061999872326851,
        0.0558600015938282,
        0.055309999734163284,
        0.057750001549720764,
        0.05697000026702881,
        0.06597000360488892,
        0.059530001133680344,
        0.06195100024342537,
        0.3858419954776764,
        0.09485000371932983,
        0.08578000217676163,
        0.0845709964632988,
        0.06196099892258644,
        0.1305910050868988,
        0.08814100176095963,
        0.09526000171899796,
        0.08590999990701675,
        0.08068999648094177,
        0.06072999909520149,
        0.06276000291109085,
        0.061170000582933426,
        0.06225999817252159,
        0.06552000343799591,
        0.062139999121427536,
        0.06341999769210815,
        0.06317000091075897
    ],
    "minKnap": [
        0.054979998618364334,
        0.04016000032424927,
        0.03646999970078468,
        0.03613999858498573,
        0.03621000051498413,
        0.03658999875187874,
        0.03779099881649017,
        0.037641000002622604,
        0.03709099814295769,
        0.038750000298023224,
        0.03466000035405159,
        0.036979999393224716,
        0.044849999248981476,
        0.040720999240875244,
        0.03717999905347824,
        0.039009999483823776,
        0.037769999355077744,
        0.03610000014305115,
        0.03725999966263771,
        0.04058000072836876,
        0.03652099892497063,
        0.03790000081062317,
        0.03750000149011612,
        0.03677999973297119,
        0.036389999091625214,
        0.039191000163555145,
        0.04176099970936775,
        0.03755100071430206,
        0.03751099854707718,
        0.037321001291275024
    ]
}