{
    "expTimes": [
        0.2148520052433014,
        0.08939100056886673,
        0.07050099968910217,
        0.0645110011100769,
        0.06172100082039833,
        0.07321099936962128,
        0.06497099995613098,
        0.06168099865317345,
        0.06235099956393242,
        0.06314100325107574,
        0.06464099884033203,
        0.06140099838376045,
        0.06738100200891495,
        0.06471099704504013,
        0.06336099654436111,
        0.0612110011279583,
        0.061740998178720474,
        0.06278999894857407,
        0.061239998787641525,
        0.06694000214338303,
        0.13613100349903107,
        0.08884000033140182,
        0.07180999964475632,
        0.06254000216722488,
        0.06261999905109406,
        0.06894999742507935,
        0.06526999920606613,
        0.0623599998652935,
        0.059859998524188995,
        0.06644999980926514
    ],
    "minKnap": [
        0.062139999121427536,
        0.041839998215436935,
        0.03813000023365021,
        0.03864999860525131,
        0.03844999894499779,
        0.036979999393224716,
        0.03838000074028969,
        0.039889998733997345,
        0.03942999988794327,
        0.03757999837398529,
        0.03627999871969223,
        0.03886000066995621,
        0.03700999915599823,
        0.041770000010728836,
        0.037390001118183136,
        0.039730001240968704,
        0.03742999956011772,
        0.03610999882221222,
        0.03751000016927719,
        0.04196999967098236,
        0.03849999979138374,
        0.0399399995803833,
        0.039041001349687576,
        0.037650998681783676,
        0.037330999970436096,
        0.041071001440286636,
        0.03807099908590317,
        0.038940999656915665,
        0.038221001625061035,
        0.03898100182414055
    ]
}