{
    "expTimes": [
        0.1606220006942749,
        0.061430998146533966,
        0.059801001101732254,
        0.06030099838972092,
        0.0596809983253479,
        0.05982000008225441,
        0.05959000065922737,
        0.06210000067949295,
        0.05550000071525574,
        0.05573999881744385,
        0.053530000150203705,
        0.052469998598098755,
        0.051520999521017075,
        0.05228099972009659,
        0.05774100124835968,
        0.06351099908351898,
        0.07233099639415741,
        0.05477999895811081,
        0.052969999611377716,
        0.05415000021457672,
        0.05189000070095062,
        0.05451999977231026,
        0.055741000920534134,
        0.05402100086212158,
        0.05472100153565407,
        0.05253000184893608,
        0.05536999925971031,
        0.05428000167012215,
        0.058389998972415924,
        0.057999998331069946
    ],
    "minKnap": [
        0.05077999830245972,
        0.048420000821352005,
        0.03466999903321266,
        0.03463999927043915,
        0.036309998482465744,
        0.033810000866651535,
        0.03537999838590622,
        0.03853999823331833,
        0.03739999979734421,
        0.034081000834703445,
        0.03255100175738335,
        0.0348999984562397,
        0.03392000123858452,
        0.03801000118255615,
        0.03410999849438667,
        0.042899999767541885,
        0.04162999987602234,
        0.0343099981546402,
        0.03386000171303749,
        0.03725999966263771,
        0.035360999405384064,
        0.03531000018119812,
        0.035909999161958694,
        0.03448000177741051,
        0.03434000164270401,
        0.03601999953389168,
        0.03497999906539917,
        0.03508000075817108,
        0.036270998418331146,
        0.03428100049495697
    ]
}