{
    "expTimes": [
        0.12353099882602692,
        0.07630100101232529,
        0.07064100354909897,
        0.0630510002374649,
        0.08136100322008133,
        0.06589999794960022,
        0.06342999637126923,
        0.06273999810218811,
        0.06315000355243683,
        0.06074000149965286,
        0.0642009973526001,
        0.05791100114583969,
        0.060380998998880386,
        0.05852099880576134,
        0.057659998536109924,
        0.058329999446868896,
        0.06015999987721443,
        0.09531000256538391,
        0.06151999905705452,
        0.05793999880552292,
        0.05846000090241432,
        0.05697000026702881,
        0.05768100172281265,
        0.057541001588106155,
        0.057771001011133194,
        0.0604109987616539,
        0.05756999924778938,
        0.05914999917149544,
        0.05857999995350838,
        0.0575999990105629
    ],
    "minKnap": [
        0.049171000719070435,
        0.036389999091625214,
        0.035920001566410065,
        0.034860000014305115,
        0.0364999994635582,
        0.2757520079612732,
        0.028620000928640366,
        0.03159099817276001,
        0.028560999780893326,
        0.030899999663233757,
        0.028929999098181725,
        0.02914999984204769,
        0.028519999235868454,
        0.03144000098109245,
        0.02896999940276146,
        0.02954000048339367,
        0.03147999942302704,
        0.02907099947333336,
        0.030910000205039978,
        0.03189999982714653,
        0.029291000217199326,
        0.02907099947333336,
        0.028960000723600388,
        0.030719999223947525,
        0.0291300006210804,
        0.031029999256134033,
        0.029260000213980675,
        0.029349999502301216,
        0.029279999434947968,
        0.028581000864505768
    ]
}