{
    "expTimes": [
        0.20626200735569,
        0.08765099942684174,
        0.09117099642753601,
        0.08711999654769897,
        0.09264999628067017,
        0.07390999794006348,
        0.06414999812841415,
        0.06443999707698822,
        0.06392999738454819,
        0.06298000365495682,
        0.06193999946117401,
        0.06668099761009216,
        0.06219099834561348,
        0.059801001101732254,
        0.06291099637746811,
        0.05847100168466568,
        0.05976099893450737,
        0.06023000180721283,
        0.05998000130057335,
        0.059289999306201935,
        0.05940999835729599,
        0.05959000065922737,
        0.05772000178694725,
        0.06007000058889389,
        0.059891000390052795,
        0.06634099781513214,
        0.0628810003399849,
        0.0603410005569458,
        0.06375999748706818,
        0.05965999886393547
    ],
    "minKnap": [
        0.047600001096725464,
        0.03891000151634216,
        0.03457999974489212,
        0.033969998359680176,
        0.0378509983420372,
        0.03387000039219856,
        0.03441999852657318,
        0.034720998257398605,
        0.034081000834703445,
        0.03242100030183792,
        0.03162999823689461,
        0.040380001068115234,
        0.032430000603199005,
        0.03776000067591667,
        0.03361000120639801,
        0.03558000177145004,
        0.0335099995136261,
        0.033810000866651535,
        0.03375000134110451,
        0.03683000057935715,
        0.034219998866319656,
        0.03364099934697151,
        0.032701000571250916,
        0.03248000144958496,
        0.031449999660253525,
        0.17647099494934082,
        0.025359999388456345,
        0.02508999966084957,
        0.025539999827742577,
        0.025830000638961792
    ]
}