{
    "expTimes": [
        0.13843099772930145,
        0.06168099865317345,
        0.06396099925041199,
        0.05992100015282631,
        0.06358099728822708,
        0.07191099971532822,
        0.06170099973678589,
        0.061230000108480453,
        0.057429999113082886,
        0.05889999866485596,
        0.059039998799562454,
        0.05868000164628029,
        0.05959000065922737,
        0.06193000078201294,
        0.057270001620054245,
        0.05759099870920181,
        0.05562099814414978,
        0.05938100069761276,
        0.056960999965667725,
        0.05714000016450882,
        0.0633699968457222,
        0.058240000158548355,
        0.05860999971628189,
        0.058740001171827316,
        0.058329999446868896,
        0.057029999792575836,
        0.055091001093387604,
        0.0574209988117218,
        0.06139099970459938,
        0.05993099883198738
    ],
    "minKnap": [
        0.05350099876523018,
        0.037620000541210175,
        0.03545999899506569,
        0.03578000143170357,
        0.03596000000834465,
        0.03440999984741211,
        0.035590000450611115,
        0.03736000135540962,
        0.0368800014257431,
        0.03361000120639801,
        0.03511999920010567,
        0.03541100025177002,
        0.03474099934101105,
        0.037810999900102615,
        0.036490000784397125,
        0.03674999997019768,
        0.03423000127077103,
        0.03468000143766403,
        0.033569999039173126,
        0.03784000128507614,
        0.035100001841783524,
        0.03522000089287758,
        0.035200998187065125,
        0.03435099869966507,
        0.03426099941134453,
        0.037289999425411224,
        0.035110000520944595,
        0.03571999818086624,
        0.0362199991941452,
        0.03378999978303909
    ]
}