{
    "expTimes": [
        0.11942099779844284,
        0.057500001043081284,
        0.06404999643564224,
        0.05778999999165535,
        0.05772000178694725,
        0.056779999285936356,
        0.054131001234054565,
        0.055181000381708145,
        0.056650999933481216,
        0.05429999902844429,
        0.05861999839544296,
        0.1265210062265396,
        0.08156099915504456,
        0.07795099914073944,
        0.07106100022792816,
        0.05635099858045578,
        0.056471001356840134,
        0.05900999903678894,
        0.05485999956727028,
        0.05406000092625618,
        0.05235999822616577,
        0.05505000054836273,
        0.054010000079870224,
        0.054030999541282654,
        0.0539110004901886,
        0.12417100369930267,
        0.08258099853992462,
        0.07793000340461731,
        0.07958000153303146,
        0.05548999831080437
    ],
    "minKnap": [
        0.04546000063419342,
        0.035349998623132706,
        0.03283099830150604,
        0.033011000603437424,
        0.032930999994277954,
        0.03240999951958656,
        0.03426000103354454,
        0.035020001232624054,
        0.037300001829862595,
        0.033399999141693115,
        0.032340001314878464,
        0.03445100039243698,
        0.034690000116825104,
        0.035670001059770584,
        0.032749999314546585,
        0.034359999001026154,
        0.03282000124454498,
        0.037470001727342606,
        0.03279000148177147,
        0.03708000108599663,
        0.03259100019931793,
        0.03492100164294243,
        0.033720001578330994,
        0.032349999994039536,
        0.031700000166893005,
        0.034940000623464584,
        0.033730000257492065,
        0.0328500010073185,
        0.03313099965453148,
        0.033190999180078506
    ]
}