{
    "expTimes": [
        0.2652919888496399,
        0.09072999656200409,
        0.0877000018954277,
        0.06225999817252159,
        0.06481999903917313,
        0.06088000163435936,
        0.06074000149965286,
        0.06334000080823898,
        0.07079999893903732,
        0.06756000220775604,
        0.05722000077366829,
        0.07594999670982361,
        0.059289999306201935,
        0.058681000024080276,
        0.05912100151181221,
        0.06631100177764893,
        0.05766100063920021,
        0.0553399994969368,
        0.0582600012421608,
        0.05886999890208244,
        0.05806000158190727,
        0.08624999970197678,
        0.06558000296354294,
        0.06606999784708023,
        0.060600001364946365,
        0.058880001306533813,
        0.05925999954342842,
        0.06176000088453293,
        0.06357000023126602,
        0.06605000048875809
    ],
    "minKnap": [
        0.04690000042319298,
        0.03976000100374222,
        0.036430999636650085,
        0.036559998989105225,
        0.03834100067615509,
        0.03509100154042244,
        0.03742099925875664,
        0.03881099820137024,
        0.03746100142598152,
        0.044211000204086304,
        0.034001000225543976,
        0.035989999771118164,
        0.03474000096321106,
        0.038109999150037766,
        0.03671000152826309,
        0.035280000418424606,
        0.035349998623132706,
        0.03434000164270401,
        0.03522999957203865,
        0.03903000056743622,
        0.03432000055909157,
        0.03760100156068802,
        0.034540001302957535,
        0.03533000126481056,
        0.042181000113487244,
        0.03608100116252899,
        0.03654100000858307,
        0.034720998257398605,
        0.036600999534130096,
        0.03596000000834465
    ]
}