{
    "expTimes": [
        0.14073100686073303,
        0.08717100322246552,
        0.09252999722957611,
        0.06999000161886215,
        0.06436999887228012,
        0.06994999945163727,
        0.06322000175714493,
        0.06702999770641327,
        0.06564000248908997,
        0.06321000307798386,
        0.06403999775648117,
        0.061250001192092896,
        0.062481001019477844,
        0.061751000583171844,
        0.06251099705696106,
        0.06727100163698196,
        0.06320100277662277,
        0.06460099667310715,
        0.06140099838376045,
        0.06473100185394287,
        0.06254000216722488,
        0.06313999742269516,
        0.0631600022315979,
        0.06943000108003616,
        0.06789000332355499,
        0.06561999768018723,
        0.06300999969244003,
        0.06202999874949455,
        0.06477999687194824,
        0.06572999805212021
    ],
    "minKnap": [
        0.05467100068926811,
        0.03849999979138374,
        0.03616999834775925,
        0.036010999232530594,
        0.03645100072026253,
        0.03622100129723549,
        0.037411000579595566,
        0.03848100081086159,
        0.048941001296043396,
        0.035941001027822495,
        0.03475100174546242,
        0.03685000166296959,
        0.034279998391866684,
        0.03838999941945076,
        0.034630000591278076,
        0.036479998379945755,
        0.03610999882221222,
        0.03553999960422516,
        0.034710001200437546,
        0.038690000772476196,
        0.035829998552799225,
        0.03562000021338463,
        0.034869998693466187,
        0.03474000096321106,
        0.036320000886917114,
        0.03790999948978424,
        0.03601999953389168,
        0.036740001291036606,
        0.03665100038051605,
        0.03576099872589111
    ]
}