{
    "expTimes": [
        0.2080010026693344,
        0.08899000287055969,
        0.09787099808454514,
        0.092740997672081,
        0.08868099749088287,
        0.07031100243330002,
        0.06469099968671799,
        0.06328099966049194,
        0.062091000378131866,
        0.060141000896692276,
        0.05833100154995918,
        0.06008100137114525,
        0.05993000045418739,
        0.060520000755786896,
        0.06311000138521194,
        0.06729000061750412,
        0.06577000021934509,
        0.06367000192403793,
        0.06105000153183937,
        0.06378000229597092,
        0.06069999933242798,
        0.06350000202655792,
        0.06036100164055824,
        0.06776099652051926,
        0.06153099983930588,
        0.06466100364923477,
        0.06567099690437317,
        0.06396099925041199,
        0.0654510036110878,
        0.06455100327730179
    ],
    "minKnap": [
        0.050710998475551605,
        0.03815000131726265,
        0.03415999934077263,
        0.03325999900698662,
        0.03418000042438507,
        0.033560000360012054,
        0.03519999980926514,
        0.036309998482465744,
        0.038690000772476196,
        0.034299999475479126,
        0.03172999992966652,
        0.03378999978303909,
        0.03367000073194504,
        0.03819999843835831,
        0.032930001616477966,
        0.03426000103354454,
        0.03381999954581261,
        0.03224100172519684,
        0.03411100059747696,
        0.037661001086235046,
        0.03393099829554558,
        0.0356299988925457,
        0.03398999944329262,
        0.033799998462200165,
        0.03325999900698662,
        0.03669000044465065,
        0.03570999950170517,
        0.034449998289346695,
        0.034790001809597015,
        0.03280999884009361
    ]
}