{
    "expTimes": [
        0.13446100056171417,
        0.057440999895334244,
        0.060541000217199326,
        0.05951999872922897,
        0.06853999942541122,
        0.05917999893426895,
        0.05922999978065491,
        0.05838000029325485,
        0.059470001608133316,
        0.05756999924778938,
        0.05663000047206879,
        0.05603000149130821,
        0.05897999927401543,
        0.08504100143909454,
        0.058880001306533813,
        0.05565999820828438,
        0.054579999297857285,
        0.06285999715328217,
        0.062199998646974564,
        0.05529100075364113,
        0.05374100059270859,
        0.05575000122189522,
        0.053950000554323196,
        0.057110000401735306,
        0.05344000086188316,
        0.06236099824309349,
        0.055250998586416245,
        0.05722000077366829,
        0.11840099841356277,
        0.0771310031414032
    ],
    "minKnap": [
        0.0531810000538826,
        0.039420001208782196,
        0.036729998886585236,
        0.03765000030398369,
        0.03787999972701073,
        0.03669999912381172,
        0.03888000175356865,
        0.03959000110626221,
        0.038690000772476196,
        0.037390999495983124,
        0.03525099903345108,
        0.03685100004076958,
        0.03646999970078468,
        0.04106999933719635,
        0.24984200298786163,
        0.02947000041604042,
        0.03064100071787834,
        0.02965099923312664,
        0.029370000585913658,
        0.03150000050663948,
        0.029349999502301216,
        0.02923000045120716,
        0.029650000855326653,
        0.03119100071489811,
        0.029500000178813934,
        0.032680001109838486,
        0.029279999434947968,
        0.029079999774694443,
        0.0349700003862381,
        0.030260000377893448
    ]
}