{
    "expTimes": [
        0.15599200129508972,
        0.07163099944591522,
        0.07479099929332733,
        0.06904099881649017,
        0.06870099902153015,
        0.06430099904537201,
        0.06868100166320801,
        0.06862100213766098,
        0.06793099641799927,
        0.06271100044250488,
        0.08206100016832352,
        0.06393100321292877,
        0.06218099966645241,
        0.06467100232839584,
        0.06335099786520004,
        0.06717099994421005,
        0.0636110007762909,
        0.062210001051425934,
        0.06606999784708023,
        0.0608999989926815,
        0.06355000287294388,
        0.06268999725580215,
        0.1346909999847412,
        0.09442099928855896,
        0.09094099700450897,
        0.09158100187778473,
        0.09632100164890289,
        0.06338100135326385,
        0.06296099722385406,
        0.06384100019931793
    ],
    "minKnap": [
        0.057029999792575836,
        0.039730001240968704,
        0.035339999943971634,
        0.03593999892473221,
        0.03717999905347824,
        0.035110000520944595,
        0.03734999895095825,
        0.03759999945759773,
        0.04163999855518341,
        0.03852999955415726,
        0.03336000069975853,
        0.03661999851465225,
        0.03449999913573265,
        0.04010999947786331,
        0.034779999405145645,
        0.036970000714063644,
        0.03610000014305115,
        0.03525000065565109,
        0.03525000065565109,
        0.03903000056743622,
        0.03680000081658363,
        0.036070000380277634,
        0.03655000030994415,
        0.2956719994544983,
        0.028349999338388443,
        0.03013000078499317,
        0.027780000120401382,
        0.029850000515580177,
        0.028139999136328697,
        0.027969999238848686
    ]
}