{
    "expTimes": [
        0.1351509988307953,
        0.062059998512268066,
        0.06701000034809113,
        0.06678999960422516,
        0.05891000106930733,
        0.065140001475811,
        0.09807100147008896,
        0.0618400014936924,
        0.06390000134706497,
        0.058959998190402985,
        0.05838000029325485,
        0.06049000099301338,
        0.05959000065922737,
        0.05954999849200249,
        0.06340999901294708,
        0.06167000159621239,
        0.05875999853014946,
        0.0588500015437603,
        0.05908999964594841,
        0.06185999885201454,
        0.1282999962568283,
        0.0832500010728836,
        0.08510100096464157,
        0.06802099943161011,
        0.06063999980688095,
        0.06259000301361084,
        0.05931999906897545,
        0.059390000998973846,
        0.06227999925613403,
        0.0597199983894825
    ],
    "minKnap": [
        0.05366099998354912,
        0.2810719907283783,
        0.03660999983549118,
        0.038040000945329666,
        0.03742999956011772,
        0.0450109988451004,
        0.03796999901533127,
        0.039420001208782196,
        0.03742999956011772,
        0.0370899997651577,
        0.03668000176548958,
        0.03695100173354149,
        0.041721001267433167,
        0.03925099968910217,
        0.036740999668836594,
        0.03913100063800812,
        0.03750099986791611,
        0.03747100010514259,
        0.03942999988794327,
        0.04544999822974205,
        0.03853999823331833,
        0.03960999846458435,
        0.037859998643398285,
        0.03818000108003616,
        0.034949999302625656,
        0.0421300008893013,
        0.03742999956011772,
        0.03871000185608864,
        0.038589999079704285,
        0.03671099990606308
    ]
}