{
    "expTimes": [
        0.11883100122213364,
        0.07357099652290344,
        0.05833100154995918,
        0.05878100171685219,
        0.057100001722574234,
        0.05886000022292137,
        0.05730000138282776,
        0.058410000056028366,
        0.06257999688386917,
        0.05816999822854996,
        0.06260000169277191,
        0.05581999942660332,
        0.07134100049734116,
        0.05779099836945534,
        0.0590209998190403,
        0.06282100081443787,
        0.06067100167274475,
        0.05933099985122681,
        0.05609999969601631,
        0.07794100046157837,
        0.05852999910712242,
        0.05787999927997589,
        0.059140000492334366,
        0.06119000166654587,
        0.05959000065922737,
        0.060509998351335526,
        0.058800000697374344,
        0.05674999952316284,
        0.058880001306533813,
        0.0588110014796257
    ],
    "minKnap": [
        0.049910999834537506,
        0.05203000083565712,
        0.033410001546144485,
        0.03621000051498413,
        0.035440001636743546,
        0.034380000084638596,
        0.03471999987959862,
        0.03551999852061272,
        0.03444100171327591,
        0.03449099883437157,
        0.033431001007556915,
        0.03616100177168846,
        0.03353999927639961,
        0.036660000681877136,
        0.03348999843001366,
        0.034529998898506165,
        0.03463999927043915,
        0.033720001578330994,
        0.03440000116825104,
        0.036959998309612274,
        0.034690000116825104,
        0.034279998391866684,
        0.03082999959588051,
        0.031069999560713768,
        0.03365100175142288,
        0.035950999706983566,
        0.03508099913597107,
        0.03330099955201149,
        0.03654000163078308,
        0.03322000056505203
    ]
}