{
    "expTimes": [
        0.12430000305175781,
        0.06943099945783615,
        0.06866099685430527,
        0.06794100254774094,
        0.06900999695062637,
        0.08003100007772446,
        0.06163100153207779,
        0.060770001262426376,
        0.06487999856472015,
        0.07078000158071518,
        0.06716000288724899,
        0.06177999824285507,
        0.06413000077009201,
        0.0595100000500679,
        0.05976000055670738,
        0.06058000028133392,
        0.060920000076293945,
        0.06255999952554703,
        0.07920999825000763,
        0.06182999908924103,
        0.058880001306533813,
        0.06098100170493126,
        0.05628100037574768,
        0.05846099928021431,
        0.06116100028157234,
        0.05756000056862831,
        0.05981000140309334,
        0.06360000371932983,
        0.05993000045418739,
        0.05883999913930893
    ],
    "minKnap": [
        0.04724099859595299,
        0.036329999566078186,
        0.03457999974489212,
        0.03474000096321106,
        0.03593999892473221,
        0.03620000183582306,
        0.036159999668598175,
        0.0372299998998642,
        0.03646000102162361,
        0.0347599983215332,
        0.03393999859690666,
        0.03454999998211861,
        0.03638000041246414,
        0.03826000168919563,
        0.03422100096940994,
        0.035521000623703,
        0.03403099998831749,
        0.0348999984562397,
        0.03409000113606453,
        0.038300998508930206,
        0.034210000187158585,
        0.0348999984562397,
        0.03432999923825264,
        0.033810000866651535,
        0.036649998277425766,
        0.036410000175237656,
        0.03457000106573105,
        0.2019609957933426,
        0.028550000861287117,
        0.028091000393033028
    ]
}