{
    "expTimes": [
        0.14376099407672882,
        0.06267999857664108,
        0.06978999823331833,
        0.0715700015425682,
        0.06700000166893005,
        0.06095999851822853,
        0.06168000027537346,
        0.0669500008225441,
        0.06030099838972092,
        0.06202099844813347,
        0.06930100172758102,
        0.060531001538038254,
        0.06396999955177307,
        0.06077999994158745,
        0.1268710047006607,
        0.061990998685359955,
        0.06498000025749207,
        0.0645499974489212,
        0.059769999235868454,
        0.06421999633312225,
        0.06084999814629555,
        0.061601001769304276,
        0.060940999537706375,
        0.05921100080013275,
        0.06376100331544876,
        0.07280000299215317,
        0.06363999843597412,
        0.060270000249147415,
        0.06254000216722488,
        0.06097999960184097
    ],
    "minKnap": [
        0.04800000041723251,
        0.03692999854683876,
        0.034449998289346695,
        0.18856100738048553,
        0.02597999945282936,
        0.025709999725222588,
        0.025821000337600708,
        0.029349999502301216,
        0.02590000070631504,
        0.025960000231862068,
        0.026200000196695328,
        0.025949999690055847,
        0.025499999523162842,
        0.029500000178813934,
        0.028109999373555183,
        0.027459999546408653,
        0.025939999148249626,
        0.02572000026702881,
        0.02597999945282936,
        0.028741000220179558,
        0.02607100084424019,
        0.02727999910712242,
        0.025989999994635582,
        0.025909999385476112,
        0.02604999952018261,
        0.02850000001490116,
        0.02622999995946884,
        0.02606000006198883,
        0.028660999611020088,
        0.026119999587535858
    ]
}