{
    "expTimes": [
        0.11755000054836273,
        0.05703999847173691,
        0.06476999819278717,
        0.07958000153303146,
        0.05508999899029732,
        0.05403999984264374,
        0.055799998342990875,
        0.05431099981069565,
        0.05707100033760071,
        0.05580100044608116,
        0.05552000179886818,
        0.06533999741077423,
        0.05863000079989433,
        0.0561399981379509,
        0.053619999438524246,
        0.055649999529123306,
        0.05646999925374985,
        0.055681001394987106,
        0.08042100071907043,
        0.05871099978685379,
        0.054861001670360565,
        0.052170999348163605,
        0.056689999997615814,
        0.0536700002849102,
        0.05601999908685684,
        0.06086999922990799,
        0.057760000228881836,
        0.054110001772642136,
        0.05270000174641609,
        0.05379100143909454
    ],
    "minKnap": [
        0.04899099841713905,
        0.03378999978303909,
        0.032669998705387115,
        0.031060999259352684,
        0.03219100087881088,
        0.03410099819302559,
        0.03243999928236008,
        0.033629998564720154,
        0.032710000872612,
        0.031700000166893005,
        0.030239999294281006,
        0.03232000023126602,
        0.03075999952852726,
        0.03393999859690666,
        0.03199100121855736,
        0.0355909988284111,
        0.03384999930858612,
        0.03373999893665314,
        0.033479999750852585,
        0.03551999852061272,
        0.0385500006377697,
        0.03613999858498573,
        0.03585999831557274,
        0.035610001534223557,
        0.03355000168085098,
        0.036991000175476074,
        0.03523100167512894,
        0.03414100036025047,
        0.0349700003862381,
        0.03441999852657318
    ]
}