{
    "expTimes": [
        0.11292999982833862,
        0.06926999986171722,
        0.06644000113010406,
        0.05821999907493591,
        0.05590999871492386,
        0.057509999722242355,
        0.053720999509096146,
        0.0574910007417202,
        0.07053100317716599,
        0.060221001505851746,
        0.05821000039577484,
        0.056049998849630356,
        0.05820000171661377,
        0.057190001010894775,
        0.058389998972415924,
        0.08182000368833542,
        0.057840000838041306,
        0.05688999965786934,
        0.053481001406908035,
        0.05651099979877472,
        0.05636100098490715,
        0.05548999831080437,
        0.05438999831676483,
        0.059050001204013824,
        0.056210000067949295,
        0.054919999092817307,
        0.05657000094652176,
        0.054781001061201096,
        0.05419100075960159,
        0.054370999336242676
    ],
    "minKnap": [
        0.04391000047326088,
        0.03254999965429306,
        0.030899999663233757,
        0.030510999262332916,
        0.03207100182771683,
        0.031220000237226486,
        0.03472999855875969,
        0.03451000154018402,
        0.03819999843835831,
        0.03280000016093254,
        0.029580000787973404,
        0.03485000133514404,
        0.032839998602867126,
        0.03695100173354149,
        0.033431001007556915,
        0.03312100097537041,
        0.03231099992990494,
        0.032340001314878464,
        0.033149998635053635,
        0.035429999232292175,
        0.03237000107765198,
        0.03254000097513199,
        0.030540000647306442,
        0.04258099943399429,
        0.032040998339653015,
        0.03478100150823593,
        0.03319000080227852,
        0.031619999557733536,
        0.032669998705387115,
        0.031599998474121094
    ]
}