{
    "expTimes": [
        0.1368110030889511,
        0.05762000009417534,
        0.06913000345230103,
        0.06729000061750412,
        0.060589998960494995,
        0.06187000125646591,
        0.05696000158786774,
        0.06313099712133408,
        0.058740999549627304,
        0.06016099825501442,
        0.056880999356508255,
        0.05706999823451042,
        0.123260997235775,
        0.08423099666833878,
        0.08195099979639053,
        0.08985000103712082,
        0.1293109953403473,
        0.08518099784851074,
        0.0837009996175766,
        0.08164100348949432,
        0.08310099691152573,
        0.09003099799156189,
        0.06276000291109085,
        0.0609310008585453,
        0.05674999952316284,
        0.060520000755786896,
        0.05781000107526779,
        0.06013000011444092,
        0.057270001620054245,
        0.056320998817682266
    ],
    "minKnap": [
        0.05307000130414963,
        0.03748000040650368,
        0.03363100066781044,
        0.03404099866747856,
        0.03494099900126457,
        0.033181000500917435,
        0.03570999950170517,
        0.03753000125288963,
        0.03480000048875809,
        0.03731999918818474,
        0.03765999898314476,
        0.034779999405145645,
        0.03359999880194664,
        0.037709999829530716,
        0.03336000069975853,
        0.036249998956918716,
        0.0342009998857975,
        0.03522999957203865,
        0.034949999302625656,
        0.037709999829530716,
        0.03589000180363655,
        0.0349700003862381,
        0.03578000143170357,
        0.2760019898414612,
        0.02638000063598156,
        0.02865000069141388,
        0.027511000633239746,
        0.03023100085556507,
        0.028529999777674675,
        0.02590000070631504
    ]
}