{
    "expTimes": [
        0.2222220003604889,
        0.11030100286006927,
        0.1199909970164299,
        0.08167000114917755,
        0.15654100477695465,
        0.11306100338697433,
        0.10756999999284744,
        0.1085209995508194,
        0.07506100088357925,
        0.07541099935770035,
        0.07120099663734436,
        0.07382100075483322,
        0.07324100285768509,
        0.09959100186824799,
        0.07399000227451324,
        0.07824999839067459,
        0.07490000128746033,
        0.0721300020813942,
        0.07310999929904938,
        0.07370000332593918,
        0.06988000124692917,
        0.07095000147819519,
        0.07524999976158142,
        0.07272999733686447,
        0.07887999713420868,
        0.0746299996972084,
        0.07412000000476837,
        0.08156000077724457,
        0.08423099666833878,
        0.0780709981918335
    ],
    "minKnap": [
        0.050039999186992645,
        0.1645510047674179,
        0.03400000184774399,
        0.03524100035429001,
        0.03650100156664848,
        0.035190001130104065,
        0.03966100141406059,
        0.04050000011920929,
        0.035760000348091125,
        0.03742000088095665,
        0.034370001405477524,
        0.03674999997019768,
        0.03610999882221222,
        0.03971000015735626,
        0.03615099936723709,
        0.035030998289585114,
        0.035300999879837036,
        0.034651000052690506,
        0.03572100028395653,
        0.03737099841237068,
        0.036740999668836594,
        0.035521000623703,
        0.03810099884867668,
        0.035801000893116,
        0.03436100110411644,
        0.03880099952220917,
        0.03686000034213066,
        0.035909999161958694,
        0.036249998956918716,
        0.035930000245571136
    ]
}