{
    "expTimes": [
        0.1998320072889328,
        0.07212100178003311,
        0.06360100209712982,
        0.06068100035190582,
        0.056161001324653625,
        0.05164099857211113,
        0.05132000148296356,
        0.06306999921798706,
        0.058880001306533813,
        0.05561000108718872,
        0.05375999957323074,
        0.04881000146269798,
        0.06245100125670433,
        0.05762099847197533,
        0.05449099838733673,
        0.0618709996342659,
        0.053950998932123184,
        0.05199100077152252,
        0.05519000068306923,
        0.07253099977970123,
        0.05308999866247177,
        0.054409999400377274,
        0.0582600012421608,
        0.05683000013232231,
        0.055479999631643295,
        0.05510000139474869,
        0.05558000132441521,
        0.05317100137472153,
        0.05425100028514862,
        0.08317100256681442
    ],
    "minKnap": [
        0.047919999808073044,
        0.036660000681877136,
        0.034710001200437546,
        0.04100999981164932,
        0.03434000164270401,
        0.033410001546144485,
        0.034449998289346695,
        0.03570999950170517,
        0.034940000623464584,
        0.0370509997010231,
        0.034630998969078064,
        0.03613999858498573,
        0.03400000184774399,
        0.0370200015604496,
        0.03627999871969223,
        0.055560000240802765,
        0.037859998643398285,
        0.03708000108599663,
        0.03784000128507614,
        0.03999999910593033,
        0.036479998379945755,
        0.03675999864935875,
        0.0372299998998642,
        0.037230998277664185,
        0.035631000995635986,
        0.04232100024819374,
        0.038600001484155655,
        0.035679999738931656,
        0.03751999884843826,
        0.03733000159263611
    ]
}