{
    "expTimes": [
        0.14466099441051483,
        0.07677999883890152,
        0.07671000063419342,
        0.07515999674797058,
        0.0724399983882904,
        0.0814410001039505,
        0.07422100007534027,
        0.10019099712371826,
        0.07229000329971313,
        0.07321000099182129,
        0.06903000175952911,
        0.07193999737501144,
        0.07067999988794327,
        0.07005000114440918,
        0.06729999929666519,
        0.1435209959745407,
        0.10540100187063217,
        0.10175000131130219,
        0.10044100135564804,
        0.07114099711179733,
        0.06973099708557129,
        0.07655099779367447,
        0.07061100006103516,
        0.0723010003566742,
        0.07052099704742432,
        0.07231099903583527,
        0.06881099939346313,
        0.0731310024857521,
        0.07027100026607513,
        0.06877999752759933
    ],
    "minKnap": [
        0.07517100125551224,
        0.04307100176811218,
        0.0391709990799427,
        0.04152100160717964,
        0.03922000154852867,
        0.04642000049352646,
        0.0392099991440773,
        0.0406000018119812,
        0.041039999574422836,
        0.04174000024795532,
        0.03736099973320961,
        0.0405610017478466,
        0.0458809994161129,
        0.04148000106215477,
        0.03787999972701073,
        0.03959000110626221,
        0.038690000772476196,
        0.04062100127339363,
        0.038019999861717224,
        0.04225999861955643,
        0.03781000152230263,
        0.04244999960064888,
        0.039820000529289246,
        0.038679998368024826,
        0.038759998977184296,
        0.04089000076055527,
        0.03903000056743622,
        0.03967000171542168,
        0.039739999920129776,
        0.039170000702142715
    ]
}