{
    "expTimes": [
        0.25296100974082947,
        0.14458100497722626,
        0.11133000254631042,
        0.10072100162506104,
        0.10241100192070007,
        0.10207100212574005,
        0.10239999741315842,
        0.07767099887132645,
        0.06842099875211716,
        0.0690310001373291,
        0.06521099805831909,
        0.06995099782943726,
        0.06893099844455719,
        0.06681100279092789,
        0.06713099777698517,
        0.06645099818706512,
        0.06491100043058395,
        0.06540100276470184,
        0.06833100318908691,
        0.06521099805831909,
        0.06893099844455719,
        0.06541100144386292,
        0.06982100009918213,
        0.06803099811077118,
        0.07189100235700607,
        0.07220099866390228,
        0.06526099890470505,
        0.06657099723815918,
        0.06661099940538406,
        0.06423000246286392
    ],
    "minKnap": [
        0.0524509996175766,
        0.039420001208782196,
        0.0399399995803833,
        0.03652999922633171,
        0.04021000117063522,
        0.0421999990940094,
        0.038141001015901566,
        0.0486299991607666,
        0.03822999820113182,
        0.03621000051498413,
        0.037209998816251755,
        0.04154999926686287,
        0.038430001586675644,
        0.04275999963283539,
        0.03894999995827675,
        0.03994999825954437,
        0.03891000151634216,
        0.03836999833583832,
        0.03864999860525131,
        0.041430000215768814,
        0.04394000023603439,
        0.04002000018954277,
        0.037859998643398285,
        0.03943999856710434,
        0.037769999355077744,
        0.18619099259376526,
        0.03116000071167946,
        0.030750000849366188,
        0.03214000165462494,
        0.03077000007033348
    ]
}