{
    "expTimes": [
        0.19522100687026978,
        0.0833899974822998,
        0.09425099939107895,
        0.0858210027217865,
        0.08176100254058838,
        0.08467099815607071,
        0.08352100104093552,
        0.08677999675273895,
        0.060019999742507935,
        0.05688999965786934,
        0.05577100068330765,
        0.06376100331544876,
        0.06018099933862686,
        0.05626099929213524,
        0.05577100068330765,
        0.05552000179886818,
        0.05327000096440315,
        0.05429999902844429,
        0.05917000025510788,
        0.05195000022649765,
        0.055560000240802765,
        0.05691099911928177,
        0.05684100091457367,
        0.0561010017991066,
        0.05604099854826927,
        0.06222100183367729,
        0.057930998504161835,
        0.05632999911904335,
        0.061409998685121536,
        0.12467099726200104
    ],
    "minKnap": [
        0.04732999950647354,
        0.03754999861121178,
        0.034619998186826706,
        0.03370000049471855,
        0.035739999264478683,
        0.034359999001026154,
        0.03499000146985054,
        0.03635000064969063,
        0.03608100116252899,
        0.03443999961018562,
        0.03361999988555908,
        0.039500001817941666,
        0.03536999970674515,
        0.03798000141978264,
        0.034949999302625656,
        0.0364300012588501,
        0.034940000623464584,
        0.03441999852657318,
        0.03438099846243858,
        0.038791000843048096,
        0.035029999911785126,
        0.03578000143170357,
        0.035420000553131104,
        0.03641999885439873,
        0.03506999835371971,
        0.19071100652217865,
        0.033080000430345535,
        0.026590000838041306,
        0.02645000070333481,
        0.02672100067138672
    ]
}