{
    "expTimes": [
        0.11423099786043167,
        0.057259999215602875,
        0.06933999806642532,
        0.06227999925613403,
        0.05668000131845474,
        0.05403999984264374,
        0.05244100093841553,
        0.0524509996175766,
        0.05644100159406662,
        0.05471999943256378,
        0.05674999952316284,
        0.055890001356601715,
        0.05829999968409538,
        0.05576999858021736,
        0.05626999959349632,
        0.055730998516082764,
        0.05930100008845329,
        0.055741000920534134,
        0.07417099922895432,
        0.05682000145316124,
        0.059470001608133316,
        0.05429000034928322,
        0.05770000070333481,
        0.05283999815583229,
        0.055810000747442245,
        0.07657100260257721,
        0.05631000176072121,
        0.05750099942088127,
        0.058021001517772675,
        0.05569100007414818
    ],
    "minKnap": [
        0.05285000056028366,
        0.2756820023059845,
        0.03170099854469299,
        0.03445100039243698,
        0.03250100091099739,
        0.03446999937295914,
        0.03328999876976013,
        0.0362900011241436,
        0.030519999563694,
        0.0335099995136261,
        0.030050000175833702,
        0.033649999648332596,
        0.03266099840402603,
        0.035061001777648926,
        0.03255999833345413,
        0.031769998371601105,
        0.030799999833106995,
        0.03156999871134758,
        0.03221999853849411,
        0.035429999232292175,
        0.035989999771118164,
        0.032499998807907104,
        0.032680001109838486,
        0.03209099918603897,
        0.030729999765753746,
        0.03516000136733055,
        0.03585999831557274,
        0.03294999897480011,
        0.03508000075817108,
        0.03376000002026558
    ]
}