{
    "expTimes": [
        0.19588099420070648,
        0.07697100192308426,
        0.08847100287675858,
        0.07665099948644638,
        0.07569099962711334,
        0.07312099635601044,
        0.12233100086450577,
        0.08043000102043152,
        0.07805000245571136,
        0.07993999868631363,
        0.07839000225067139,
        0.07756000012159348,
        0.07614000141620636,
        0.42603299021720886,
        0.08326099812984467,
        0.07654999941587448,
        0.07839000225067139,
        0.0568000003695488,
        0.05598999932408333,
        0.05792099982500076,
        0.0630510002374649,
        0.058490999042987823,
        0.05755100026726723,
        0.056070998311042786,
        0.054740000516176224,
        0.05595000088214874,
        0.05553000047802925,
        0.059209998697042465,
        0.08682999759912491,
        0.0597199983894825
    ],
    "minKnap": [
        0.05200999975204468,
        0.03954000025987625,
        0.035280000418424606,
        0.03601999953389168,
        0.03598000109195709,
        0.034690000116825104,
        0.03652000054717064,
        0.043331000953912735,
        0.03832099959254265,
        0.03539099916815758,
        0.0356610007584095,
        0.03784000128507614,
        0.03669999912381172,
        0.0413299985229969,
        0.03508999943733215,
        0.0376100018620491,
        0.03627000004053116,
        0.036191001534461975,
        0.035270001739263535,
        0.038120001554489136,
        0.036979999393224716,
        0.036809999495744705,
        0.03539000079035759,
        0.03675999864935875,
        0.0340300016105175,
        0.04025999829173088,
        0.0363599993288517,
        0.039340998977422714,
        0.03657099977135658,
        0.035360001027584076
    ]
}