{
    "expTimes": [
        0.19182200729846954,
        0.08754099905490875,
        0.08849100023508072,
        0.12897099554538727,
        0.06970000267028809,
        0.05561999976634979,
        0.065700002014637,
        0.055560000240802765,
        0.055799998342990875,
        0.06218999996781349,
        0.06334000080823898,
        0.05449000000953674,
        0.054340001195669174,
        0.054051000624895096,
        0.06116100028157234,
        0.0635410025715828,
        0.05629099905490875,
        0.05985099822282791,
        0.06218999996781349,
        0.05917999893426895,
        0.06035999953746796,
        0.06061999872326851,
        0.05948000028729439,
        0.05954999849200249,
        0.05705000087618828,
        0.060910001397132874,
        0.0598209984600544,
        0.05789100006222725,
        0.05994100123643875,
        0.0610710009932518
    ],
    "minKnap": [
        0.047189999371767044,
        0.20787100493907928,
        0.03223000094294548,
        0.03316999971866608,
        0.04002999886870384,
        0.040869999676942825,
        0.03579999879002571,
        0.03661999851465225,
        0.03685100004076958,
        0.034561000764369965,
        0.04036099836230278,
        0.03459100052714348,
        0.034690000116825104,
        0.0384799987077713,
        0.034460000693798065,
        0.034940000623464584,
        0.03423000127077103,
        0.03878000006079674,
        0.03400000184774399,
        0.03866000100970268,
        0.03519999980926514,
        0.03671000152826309,
        0.03565099835395813,
        0.033920999616384506,
        0.03289100155234337,
        0.036159999668598175,
        0.031980000436306,
        0.03117999993264675,
        0.032710000872612,
        0.03268999978899956
    ]
}