{
    "expTimes": [
        0.20336100459098816,
        0.38586199283599854,
        0.1329910010099411,
        0.08528099954128265,
        0.08157099783420563,
        0.08300100266933441,
        0.08087000250816345,
        0.058070000261068344,
        0.05657000094652176,
        0.05440099909901619,
        0.0582909993827343,
        0.054600998759269714,
        0.05751100182533264,
        0.05830100178718567,
        0.053360000252723694,
        0.05643000081181526,
        0.055229999125003815,
        0.05525000020861626,
        0.05423000082373619,
        0.05429999902844429,
        0.05856100097298622,
        0.055511001497507095,
        0.05649099871516228,
        0.053631000220775604,
        0.05697999894618988,
        0.05483999848365784,
        0.05420999974012375,
        0.06159999966621399,
        0.058469999581575394,
        0.058400001376867294
    ],
    "minKnap": [
        0.05279099941253662,
        0.038141001015901566,
        0.03773000091314316,
        0.03596999868750572,
        0.037470001727342606,
        0.0361500009894371,
        0.03700999915599823,
        0.0400409996509552,
        0.03637000173330307,
        0.03717999905347824,
        0.03472999855875969,
        0.037370000034570694,
        0.0368800014257431,
        0.039500001817941666,
        0.0362900011241436,
        0.03595000132918358,
        0.03587000072002411,
        0.03583100065588951,
        0.03560100123286247,
        0.04145999997854233,
        0.03520999848842621,
        0.03700999915599823,
        0.036559998989105225,
        0.03440000116825104,
        0.03424999862909317,
        0.03500000014901161,
        0.03351999819278717,
        0.031230999156832695,
        0.0342009998857975,
        0.032019998878240585
    ]
}