{
    "expTimes": [
        0.20965099334716797,
        0.08671999722719193,
        0.09255000203847885,
        0.08517099916934967,
        0.09303099662065506,
        0.08583100140094757,
        0.0652410015463829,
        0.06213099882006645,
        0.06261099874973297,
        0.07790099829435349,
        0.06332100182771683,
        0.06067100167274475,
        0.05789000168442726,
        0.057270001620054245,
        0.05488999933004379,
        0.057999998331069946,
        0.05491099879145622,
        0.05727099999785423,
        0.06043099984526634,
        0.055080000311136246,
        0.05854000151157379,
        0.054019998759031296,
        0.05469999834895134,
        0.058021001517772675,
        0.054520998150110245,
        0.05722099915146828,
        0.057760000228881836,
        0.05778000131249428,
        0.05445000156760216,
        0.05996999889612198
    ],
    "minKnap": [
        0.05389099940657616,
        0.039740998297929764,
        0.036421000957489014,
        0.03629999980330467,
        0.036809999495744705,
        0.0363599993288517,
        0.03635000064969063,
        0.037379998713731766,
        0.2019210010766983,
        0.02727999910712242,
        0.03215000033378601,
        0.026799999177455902,
        0.02670999988913536,
        0.029030000790953636,
        0.02658100053668022,
        0.028230000287294388,
        0.026920000091195107,
        0.027009999379515648,
        0.029360000044107437,
        0.030549999326467514,
        0.027210000902414322,
        0.028161000460386276,
        0.028440000489354134,
        0.027149999514222145,
        0.026739999651908875,
        0.03012000024318695,
        0.038989998400211334,
        0.026839999482035637,
        0.026530999690294266,
        0.02796100080013275
    ]
}