{
    "expTimes": [
        0.1320209950208664,
        0.0695900022983551,
        0.06938000023365021,
        0.06651999801397324,
        0.06396999955177307,
        0.06366000324487686,
        0.06131000071763992,
        0.06074000149965286,
        0.06154000014066696,
        0.06954099982976913,
        0.06202099844813347,
        0.13124099373817444,
        0.08959999680519104,
        0.08774100244045258,
        0.06431099772453308,
        0.06214100122451782,
        0.061889998614788055,
        0.05996999889612198,
        0.06386999785900116,
        0.1309109926223755,
        0.09080100059509277,
        0.09135100245475769,
        0.08659999817609787,
        0.08562999963760376,
        0.08517000079154968,
        0.06510999798774719,
        0.05939999967813492,
        0.06983999907970428,
        0.06201000139117241,
        0.06358999758958817
    ],
    "minKnap": [
        0.051660001277923584,
        0.03734000027179718,
        0.034790001809597015,
        0.03562000021338463,
        0.03533000126481056,
        0.03409099951386452,
        0.035700999200344086,
        0.03560100123286247,
        0.03620000183582306,
        0.03418000042438507,
        0.03424999862909317,
        0.03434000164270401,
        0.035009998828172684,
        0.038270000368356705,
        0.03585999831557274,
        0.04027999937534332,
        0.034630000591278076,
        0.03407000005245209,
        0.034699998795986176,
        0.03790999948978424,
        0.034690000116825104,
        0.03658999875187874,
        0.035610999912023544,
        0.03443099930882454,
        0.03555100038647652,
        0.03807000070810318,
        0.03655000030994415,
        0.18199099600315094,
        0.026669999584555626,
        0.026381000876426697
    ]
}