{
    "expTimes": [
        0.19857099652290344,
        0.08698099851608276,
        0.09099099785089493,
        0.06613100320100784,
        0.05870100110769272,
        0.06195100024342537,
        0.05816100165247917,
        0.05872099846601486,
        0.05909999832510948,
        0.059769999235868454,
        0.09103100001811981,
        0.06104100123047829,
        0.05764000117778778,
        0.059119999408721924,
        0.05875999853014946,
        0.05894000083208084,
        0.05996000021696091,
        0.06362000107765198,
        0.06374000012874603,
        0.05787999927997589,
        0.059050001204013824,
        0.058570001274347305,
        0.0589510016143322,
        0.060371000319719315,
        0.06256099790334702,
        0.3639029860496521,
        0.08117099851369858,
        0.08277100324630737,
        0.07016000151634216,
        0.06120999902486801
    ],
    "minKnap": [
        0.05479099974036217,
        0.041919998824596405,
        0.0370200015604496,
        0.043540000915527344,
        0.038270000368356705,
        0.03675999864935875,
        0.03919000178575516,
        0.0378899984061718,
        0.03844999894499779,
        0.035440001636743546,
        0.039489999413490295,
        0.0372299998998642,
        0.03506999835371971,
        0.04024999961256981,
        0.0357699990272522,
        0.03787099942564964,
        0.03600100055336952,
        0.03988099843263626,
        0.03607099875807762,
        0.039271000772714615,
        0.037220001220703125,
        0.037790000438690186,
        0.03652000054717064,
        0.0368800014257431,
        0.03677999973297119,
        0.039250001311302185,
        0.0385500006377697,
        0.035909999161958694,
        0.03818000108003616,
        0.03543100133538246
    ]
}