{
    "expTimes": [
        0.14351099729537964,
        0.06518100202083588,
        0.06841100007295609,
        0.05933099985122681,
        0.057100001722574234,
        0.06259000301361084,
        0.060830000787973404,
        0.056620001792907715,
        0.06654000282287598,
        0.05911000072956085,
        0.05795000120997429,
        0.058410000056028366,
        0.056049998849630356,
        0.0569010004401207,
        0.055590998381376266,
        0.05693100020289421,
        0.08334100246429443,
        0.0610009990632534,
        0.05700099840760231,
        0.05723100155591965,
        0.057861000299453735,
        0.058671001344919205,
        0.058570001274347305,
        0.05855000019073486,
        0.13055099546909332,
        0.08111099898815155,
        0.07044100016355515,
        0.06139099970459938,
        0.05790099874138832,
        0.0635410025715828
    ],
    "minKnap": [
        0.05522000044584274,
        0.039730001240968704,
        0.03633999824523926,
        0.03587999939918518,
        0.03683000057935715,
        0.03610999882221222,
        0.03748000040650368,
        0.03832000121474266,
        0.03783100098371506,
        0.03600100055336952,
        0.035300999879837036,
        0.03697099909186363,
        0.03446999937295914,
        0.04027000069618225,
        0.035670001059770584,
        0.03826000168919563,
        0.03925999999046326,
        0.03627000004053116,
        0.03689999878406525,
        0.03954000025987625,
        0.03756999969482422,
        0.03700999915599823,
        0.03764000162482262,
        0.04058000072836876,
        0.035280000418424606,
        0.03968999907374382,
        0.036890000104904175,
        0.03742000088095665,
        0.03669999912381172,
        0.03523999825119972
    ]
}