{
    "expTimes": [
        0.1619109958410263,
        0.08818099647760391,
        0.09153000265359879,
        0.08163999766111374,
        0.05713000148534775,
        0.10994099825620651,
        0.06282100081443787,
        0.05587000027298927,
        0.06379999965429306,
        0.05443999916315079,
        0.054579999297857285,
        0.05654999986290932,
        0.05575999990105629,
        0.05542999878525734,
        0.05642100051045418,
        0.05764099955558777,
        0.058921001851558685,
        0.05642100051045418,
        0.055229999125003815,
        0.05431000143289566,
        0.055479999631643295,
        0.054090000689029694,
        0.06860999763011932,
        0.07363999634981155,
        0.06024999916553497,
        0.058720000088214874,
        0.05894999951124191,
        0.061080001294612885,
        0.054200999438762665,
        0.05419100075960159
    ],
    "minKnap": [
        0.04850099980831146,
        0.03858000040054321,
        0.04094000160694122,
        0.03599099814891815,
        0.043859999626874924,
        0.035029999911785126,
        0.03866000100970268,
        0.03733000159263611,
        0.03742999956011772,
        0.036079999059438705,
        0.03387000039219856,
        0.035711001604795456,
        0.03466099873185158,
        0.03838000074028969,
        0.03482000157237053,
        0.035659998655319214,
        0.034940000623464584,
        0.035829998552799225,
        0.03539999946951866,
        0.038109999150037766,
        0.03581999987363815,
        0.036671001464128494,
        0.035030998289585114,
        0.0456710010766983,
        0.036090001463890076,
        0.03755100071430206,
        0.03396100178360939,
        0.032499998807907104,
        0.03344999998807907,
        0.03353000059723854
    ]
}