{
    "expTimes": [
        0.12685100734233856,
        0.061650000512599945,
        0.0649000033736229,
        0.06605999916791916,
        0.06092999875545502,
        0.06084999814629555,
        0.05761000141501427,
        0.05795000120997429,
        0.05979999899864197,
        0.05732100084424019,
        0.08234100043773651,
        0.05828100070357323,
        0.06704100221395493,
        0.05887100100517273,
        0.05708099901676178,
        0.05753999948501587,
        0.05689999833703041,
        0.06193000078201294,
        0.06007000058889389,
        0.0573900006711483,
        0.12928999960422516,
        0.0837709978222847,
        0.0860309973359108,
        0.08400099724531174,
        0.08445099741220474,
        0.07641100138425827,
        0.06145099923014641,
        0.06015099957585335,
        0.06148099899291992,
        0.05843999981880188
    ],
    "minKnap": [
        0.046229999512434006,
        0.08343099802732468,
        0.031099999323487282,
        0.031060000881552696,
        0.034049998968839645,
        0.03247100114822388,
        0.03317100182175636,
        0.03445100039243698,
        0.03401000052690506,
        0.0325700007379055,
        0.031220000237226486,
        0.0328500010073185,
        0.031109999865293503,
        0.04039999842643738,
        0.031050000339746475,
        0.03075999952852726,
        0.03075999952852726,
        0.031300000846385956,
        0.03014099970459938,
        0.03321100026369095,
        0.030579999089241028,
        0.033080000430345535,
        0.031599998474121094,
        0.032340001314878464,
        0.03709999844431877,
        0.03505999967455864,
        0.03787999972701073,
        0.032269999384880066,
        0.03334999829530716,
        0.03319999948143959
    ]
}