{
    "expTimes": [
        0.18757100403308868,
        0.08437000215053558,
        0.07536999881267548,
        0.06319999694824219,
        0.05623000115156174,
        0.058959998190402985,
        0.05482000112533569,
        0.05632000043988228,
        0.05477000027894974,
        0.12166000157594681,
        0.0768899992108345,
        0.0761910006403923,
        0.07763099670410156,
        0.07525099813938141,
        0.07443100214004517,
        0.0776510015130043,
        0.05653100088238716,
        0.05702099949121475,
        0.056411001831293106,
        0.054590001702308655,
        0.056710001081228256,
        0.056359998881816864,
        0.05347000062465668,
        0.05818000063300133,
        0.05308099836111069,
        0.05367099866271019,
        0.05515100061893463,
        0.05259000137448311,
        0.05282999947667122,
        0.05697000026702881
    ],
    "minKnap": [
        0.054611001163721085,
        0.04128099977970123,
        0.03669999912381172,
        0.036740001291036606,
        0.03798000141978264,
        0.03821999952197075,
        0.03863000124692917,
        0.040651001036167145,
        0.03801099956035614,
        0.03981100022792816,
        0.03743999823927879,
        0.040150001645088196,
        0.03623000159859657,
        0.04120999947190285,
        0.037620000541210175,
        0.03821999952197075,
        0.038109999150037766,
        0.03685000166296959,
        0.03740999847650528,
        0.03889999911189079,
        0.1953510046005249,
        0.029510000720620155,
        0.029541000723838806,
        0.02964100055396557,
        0.0294599998742342,
        0.031289998441934586,
        0.02914999984204769,
        0.030810000374913216,
        0.03010999970138073,
        0.029210999608039856
    ]
}