{
    "expTimes": [
        0.11602000147104263,
        0.07506100088357925,
        0.067781001329422,
        0.05756999924778938,
        0.059059999883174896,
        0.057679999619722366,
        0.05908000096678734,
        0.05683000013232231,
        0.06046999990940094,
        0.05691000074148178,
        0.05787999927997589,
        0.05764999985694885,
        0.05701100081205368,
        0.05741100013256073,
        0.05618099868297577,
        0.06124100089073181,
        0.07308100163936615,
        0.057711001485586166,
        0.058320000767707825,
        0.05697999894618988,
        0.05724000185728073,
        0.05892999842762947,
        0.05868000164628029,
        0.061039999127388,
        0.05866999924182892,
        0.05590000003576279,
        0.055420998483896255,
        0.05821099877357483,
        0.055181000381708145,
        0.058830998837947845
    ],
    "minKnap": [
        0.047951001673936844,
        0.040869999676942825,
        0.03286999836564064,
        0.03551999852061272,
        0.0361500009894371,
        0.033240001648664474,
        0.0361500009894371,
        0.03623099997639656,
        0.040240999311208725,
        0.03672099858522415,
        0.03468000143766403,
        0.036990001797676086,
        0.034370001405477524,
        0.03801000118255615,
        0.0357699990272522,
        0.03621000051498413,
        0.03668000176548958,
        0.03604999929666519,
        0.03663000091910362,
        0.03957999870181084,
        0.03500000014901161,
        0.03743100166320801,
        0.03551099821925163,
        0.03620100021362305,
        0.03515100106596947,
        0.03853999823331833,
        0.036959998309612274,
        0.03525000065565109,
        0.0378899984061718,
        0.03517000004649162
    ]
}