{
    "expTimes": [
        0.11696100234985352,
        0.0539110004901886,
        0.05762999877333641,
        0.057179998606443405,
        0.1280909925699234,
        0.07686000317335129,
        0.07495000213384628,
        0.07191000133752823,
        0.0756400004029274,
        0.07429999858140945,
        0.07368999719619751,
        0.07246000319719315,
        0.07091999799013138,
        0.0748400017619133,
        0.07176999747753143,
        0.13484099507331848,
        0.07820100337266922,
        0.08154100179672241,
        0.08138100057840347,
        0.0769210010766983,
        0.07905100286006927,
        0.05576099827885628,
        0.06508000195026398,
        0.0574599988758564,
        0.05705000087618828,
        0.0565899983048439,
        0.05658100172877312,
        0.053881000727415085,
        0.05609000101685524,
        0.055470000952482224
    ],
    "minKnap": [
        0.0561010017991066,
        0.03525000065565109,
        0.032990001142024994,
        0.03269999846816063,
        0.30326199531555176,
        0.025830000638961792,
        0.026030000299215317,
        0.028960000723600388,
        0.027289999648928642,
        0.028289999812841415,
        0.026040000841021538,
        0.02677999995648861,
        0.025709999725222588,
        0.028131000697612762,
        0.026751000434160233,
        0.027420999482274055,
        0.026489999145269394,
        0.02964000031352043,
        0.02590000070631504,
        0.02783999964594841,
        0.025539999827742577,
        0.027790000662207603,
        0.02676999941468239,
        0.025620000436902046,
        0.025919999927282333,
        0.027560999616980553,
        0.02566000074148178,
        0.02524000033736229,
        0.025429999455809593,
        0.02824999950826168
    ]
}