{
    "expTimes": [
        0.12387099862098694,
        0.0771310031414032,
        0.07193099707365036,
        0.060531001538038254,
        0.0660799965262413,
        0.06683000177145004,
        0.06424999982118607,
        0.08257000148296356,
        0.0652799978852272,
        0.06505999714136124,
        0.06369999796152115,
        0.063960000872612,
        0.06475000083446503,
        0.0700799971818924,
        0.06516999751329422,
        0.06092999875545502,
        0.06330099701881409,
        0.06397099792957306,
        0.06243100017309189,
        0.06393100321292877,
        0.06355100125074387,
        0.06125099956989288,
        0.06168099865317345,
        0.05954999849200249,
        0.061089999973773956,
        0.05951999872922897,
        0.06134000048041344,
        0.06676000356674194,
        0.06663999706506729,
        0.06230999901890755
    ],
    "minKnap": [
        0.05214099958539009,
        0.04123000055551529,
        0.03869999945163727,
        0.04032000154256821,
        0.09022100269794464,
        0.03324100002646446,
        0.033080000430345535,
        0.03714099898934364,
        0.03429099917411804,
        0.03376099839806557,
        0.04135100170969963,
        0.03510100021958351,
        0.03284100070595741,
        0.03853100165724754,
        0.03430100157856941,
        0.03407999873161316,
        0.03310000151395798,
        0.03691999986767769,
        0.0333699993789196,
        0.03516000136733055,
        0.04428999871015549,
        0.03465000167489052,
        0.0333000011742115,
        0.033229999244213104,
        0.03359999880194664,
        0.03550000116229057,
        0.03405100107192993,
        0.03312100097537041,
        0.03548099845647812,
        0.03337100148200989
    ]
}