{
    "expTimes": [
        0.12186100333929062,
        0.12544099986553192,
        0.13565100729465485,
        0.09309100359678268,
        0.08956100046634674,
        0.06802000105381012,
        0.058809999376535416,
        0.058490999042987823,
        0.0616610012948513,
        0.06125099956989288,
        0.07166100293397903,
        0.06170099973678589,
        0.06017100065946579,
        0.05837099999189377,
        0.06235099956393242,
        0.05921100080013275,
        0.06128999963402748,
        0.06404999643564224,
        0.05925999954342842,
        0.059849999845027924,
        0.058421000838279724,
        0.06163100153207779,
        0.0654510036110878,
        0.08559100329875946,
        0.06211100146174431,
        0.060701001435518265,
        0.06084999814629555,
        0.06004000082612038,
        0.05801999941468239,
        0.06174999848008156
    ],
    "minKnap": [
        0.04984100162982941,
        0.04808000102639198,
        0.03685100004076958,
        0.03731999918818474,
        0.03728000074625015,
        0.044599998742341995,
        0.037129998207092285,
        0.03863000124692917,
        0.037310000509023666,
        0.03677999973297119,
        0.04114000126719475,
        0.03661999851465225,
        0.035760000348091125,
        0.04081999883055687,
        0.03790000081062317,
        0.04019000008702278,
        0.03731999918818474,
        0.2863219976425171,
        0.03232099860906601,
        0.03305999934673309,
        0.030969999730587006,
        0.030789999291300774,
        0.031120000407099724,
        0.03067000024020672,
        0.030629999935626984,
        0.035009998828172684,
        0.031039999797940254,
        0.031109999865293503,
        0.03291099891066551,
        0.030671000480651855
    ]
}