{
    "expTimes": [
        0.12171000242233276,
        0.05593099817633629,
        0.06102000176906586,
        0.0580499991774559,
        0.05550999939441681,
        0.06021999940276146,
        0.05390999838709831,
        0.05762999877333641,
        0.06424099951982498,
        0.06254100054502487,
        0.05296099931001663,
        0.05359100177884102,
        0.12054099887609482,
        0.07592099905014038,
        0.12442100048065186,
        0.08096999675035477,
        0.07531999796628952,
        0.07368099689483643,
        0.07536099851131439,
        0.07365100085735321,
        0.0731310024857521,
        0.07583100348711014,
        0.05449099838733673,
        0.05595099925994873,
        0.05361099913716316,
        0.05585100129246712,
        0.05483999848365784,
        0.05691999942064285,
        0.0630199983716011,
        0.12930099666118622
    ],
    "minKnap": [
        0.05284100025892258,
        0.03807999938726425,
        0.03472999855875969,
        0.03514000028371811,
        0.035360001027584076,
        0.03475100174546242,
        0.035950999706983566,
        0.03661999851465225,
        0.03620000183582306,
        0.034609999507665634,
        0.033900000154972076,
        0.03579999879002571,
        0.03477000072598457,
        0.03931000083684921,
        0.035420000553131104,
        0.037790000438690186,
        0.03516000136733055,
        0.04098000004887581,
        0.036740001291036606,
        0.03931000083684921,
        0.036649998277425766,
        0.03528999909758568,
        0.03579000011086464,
        0.034960001707077026,
        0.035989999771118164,
        0.03723999857902527,
        0.03618000075221062,
        0.034790001809597015,
        0.03621000051498413,
        0.03508099913597107
    ]
}