{
    "expTimes": [
        0.19470100104808807,
        0.08466999977827072,
        0.08991000056266785,
        0.0888810008764267,
        0.0830409973859787,
        0.14023099839687347,
        0.0892999991774559,
        0.08560000360012054,
        0.09655100107192993,
        0.08832100033760071,
        0.0856110006570816,
        0.07923100143671036,
        0.0572500005364418,
        0.0603800006210804,
        0.06349100172519684,
        0.0661109983921051,
        0.06370099633932114,
        0.06204099953174591,
        0.06136099994182587,
        0.06015099957585335,
        0.06105099990963936,
        0.058991000056266785,
        0.06426099687814713,
        0.06394000351428986,
        0.061149999499320984,
        0.07020000368356705,
        0.07797099649906158,
        0.0587100014090538,
        0.05724000185728073,
        0.06424999982118607
    ],
    "minKnap": [
        0.050220999866724014,
        0.17069099843502045,
        0.03255999833345413,
        0.03294000029563904,
        0.03813999891281128,
        0.03373999893665314,
        0.03703099861741066,
        0.036490000784397125,
        0.03661999851465225,
        0.03413999825716019,
        0.03328000009059906,
        0.03516000136733055,
        0.04064000025391579,
        0.03895999863743782,
        0.034960001707077026,
        0.04140999913215637,
        0.03449999913573265,
        0.03587999939918518,
        0.03548000007867813,
        0.037859998643398285,
        0.035440001636743546,
        0.034290000796318054,
        0.038520000874996185,
        0.03418999910354614,
        0.0333699993789196,
        0.04343999922275543,
        0.04089999943971634,
        0.03407000005245209,
        0.03585999831557274,
        0.04002999886870384
    ]
}