{
    "expTimes": [
        0.21128199994564056,
        0.08354000002145767,
        0.08448000252246857,
        0.06023000180721283,
        0.058970000594854355,
        0.06723999977111816,
        0.058789998292922974,
        0.12489999830722809,
        0.0786610022187233,
        0.0751509964466095,
        0.05520100146532059,
        0.0544699989259243,
        0.05728000029921532,
        0.059530001133680344,
        0.056049998849630356,
        0.0568000003695488,
        0.05615000054240227,
        0.05567000061273575,
        0.05232999846339226,
        0.05665000155568123,
        0.05768100172281265,
        0.08826100081205368,
        0.11663000285625458,
        0.07836999744176865,
        0.07625000178813934,
        0.09175100177526474,
        0.07608100026845932,
        0.07521100342273712,
        0.07440099865198135,
        0.07384099811315536
    ],
    "minKnap": [
        0.059450000524520874,
        0.041349999606609344,
        0.03702099993824959,
        0.038040999323129654,
        0.041051000356674194,
        0.036841001361608505,
        0.038621000945568085,
        0.03994100168347359,
        0.038920000195503235,
        0.039090000092983246,
        0.03658000007271767,
        0.03805999830365181,
        0.04513999819755554,
        0.04207000136375427,
        0.03799999877810478,
        0.03805999830365181,
        0.03779099881649017,
        0.03832099959254265,
        0.03828100115060806,
        0.04047999903559685,
        0.03824000060558319,
        0.03836999833583832,
        0.038109999150037766,
        0.03855099901556969,
        0.03587999939918518,
        0.0398700013756752,
        0.04002999886870384,
        0.03821000084280968,
        0.03920000046491623,
        0.03849999979138374
    ]
}