{
    "expTimes": [
        0.14685100317001343,
        0.061820000410079956,
        0.07047999650239944,
        0.06378000229597092,
        0.06349000334739685,
        0.061469998210668564,
        0.0627409964799881,
        0.06091099977493286,
        0.1270509958267212,
        0.08842000365257263,
        0.08703099936246872,
        0.08431100100278854,
        0.09388100355863571,
        0.08607999980449677,
        0.08422999829053879,
        0.08647000044584274,
        0.06015000119805336,
        0.13114100694656372,
        0.0870010033249855,
        0.08661100268363953,
        0.08482000231742859,
        0.07751999795436859,
        0.061469998210668564,
        0.061879999935626984,
        0.06768999993801117,
        0.061900001019239426,
        0.06072099879384041,
        0.05823099985718727,
        0.061420999467372894,
        0.06242100149393082
    ],
    "minKnap": [
        0.05040000006556511,
        0.037411000579595566,
        0.03541100025177002,
        0.03483099862933159,
        0.036959998309612274,
        0.03671000152826309,
        0.03852999955415726,
        0.039570000022649765,
        0.03663000091910362,
        0.03607099875807762,
        0.043469998985528946,
        0.0369499996304512,
        0.03872000053524971,
        0.0463699996471405,
        0.03685100004076958,
        0.037241000682115555,
        0.03595000132918358,
        0.03597100079059601,
        0.03623000159859657,
        0.040630001574754715,
        0.03579000011086464,
        0.037011001259088516,
        0.03377100080251694,
        0.033011000603437424,
        0.032329998910427094,
        0.036639999598264694,
        0.0356299988925457,
        0.0313199982047081,
        0.03593999892473221,
        0.03268999978899956
    ]
}