{
    "expTimes": [
        0.1318109929561615,
        0.06396999955177307,
        0.07062000036239624,
        0.06176000088453293,
        0.06134000048041344,
        0.061670999974012375,
        0.061191000044345856,
        0.06154099851846695,
        0.06162099912762642,
        0.08302100002765656,
        0.10450100153684616,
        0.08287099748849869,
        0.06329099833965302,
        0.062320999801158905,
        0.06137099862098694,
        0.06220100075006485,
        0.09770099818706512,
        0.06333000212907791,
        0.06141100078821182,
        0.06296099722385406,
        0.06081100180745125,
        0.062150999903678894,
        0.06016099825501442,
        0.06577099859714508,
        0.06417100131511688,
        0.06553100049495697,
        0.06389100104570389,
        0.06490100175142288,
        0.06429000198841095,
        0.062300000339746475
    ],
    "minKnap": [
        0.04901000112295151,
        0.03670100122690201,
        0.03246999904513359,
        0.031550999730825424,
        0.03646999970078468,
        0.03130999952554703,
        0.032280001789331436,
        0.037310000509023666,
        0.03221999853849411,
        0.03353000059723854,
        0.031039999797940254,
        0.03262000158429146,
        0.03384000062942505,
        0.0364999994635582,
        0.03410999849438667,
        0.035440001636743546,
        0.034869998693466187,
        0.034690000116825104,
        0.03375000134110451,
        0.0384799987077713,
        0.03432000055909157,
        0.03540999814867973,
        0.0349700003862381,
        0.03434000164270401,
        0.033149998635053635,
        0.03739999979734421,
        0.036720000207424164,
        0.03474999964237213,
        0.03516000136733055,
        0.034690000116825104
    ]
}