{
    "expTimes": [
        0.1421709954738617,
        0.06233000010251999,
        0.06735000014305115,
        0.06745000183582306,
        0.065420001745224,
        0.06139000132679939,
        0.06916999816894531,
        0.06452000141143799,
        0.060520000755786896,
        0.06464000046253204,
        0.061719998717308044,
        0.05996000021696091,
        0.058809999376535416,
        0.06588099896907806,
        0.06206100061535835,
        0.06088100001215935,
        0.06163100153207779,
        0.06410100311040878,
        0.062160998582839966,
        0.06283099949359894,
        0.06424099951982498,
        0.13123099505901337,
        0.08711999654769897,
        0.08659999817609787,
        0.08732999861240387,
        0.0643099993467331,
        0.09660100191831589,
        0.06727100163698196,
        0.060610998421907425,
        0.062481001019477844
    ],
    "minKnap": [
        0.05305999889969826,
        0.03949100151658058,
        0.03672099858522415,
        0.037161000072956085,
        0.03775100037455559,
        0.036281000822782516,
        0.03841099888086319,
        0.03892099857330322,
        0.038380999118089676,
        0.036660999059677124,
        0.035771001130342484,
        0.03819100186228752,
        0.03629999980330467,
        0.04019999876618385,
        0.036400001496076584,
        0.04016000032424927,
        0.03692999854683876,
        0.0368800014257431,
        0.0364999994635582,
        0.03928999975323677,
        0.03807000070810318,
        0.0376800000667572,
        0.03833099827170372,
        0.03663099929690361,
        0.037220001220703125,
        0.039820000529289246,
        0.03799999877810478,
        0.0370200015604496,
        0.03765999898314476,
        0.04368000105023384
    ]
}