{
    "expTimes": [
        0.4215030074119568,
        0.12612099945545197,
        0.10536099970340729,
        0.13618099689483643,
        0.09770999848842621,
        0.1041800007224083,
        0.06592100113630295,
        0.06377000361680984,
        0.06445000320672989,
        0.06294000148773193,
        0.06756000220775604,
        0.06983999907970428,
        0.0633699968457222,
        0.06364999711513519,
        0.06383000314235687,
        0.061469998210668564,
        0.06241000071167946,
        0.08258099853992462,
        0.0633699968457222,
        0.097680002450943,
        0.09160000085830688,
        0.065140001475811,
        0.06167000159621239,
        0.06706000119447708,
        0.0604499988257885,
        0.06094000115990639,
        0.061521001160144806,
        0.06382100284099579,
        0.06523100286722183,
        0.06692100316286087
    ],
    "minKnap": [
        0.049300000071525574,
        0.04039999842643738,
        0.038520000874996185,
        0.03685000166296959,
        0.03807099908590317,
        0.0363209992647171,
        0.04312000051140785,
        0.03691999986767769,
        0.03579999879002571,
        0.034699998795986176,
        0.030729999765753746,
        0.034240998327732086,
        0.03384099900722504,
        0.03588100150227547,
        0.035381000488996506,
        0.03581999987363815,
        0.0357699990272522,
        0.03675999864935875,
        0.035429999232292175,
        0.041030000895261765,
        0.04092099890112877,
        0.03629999980330467,
        0.03533000126481056,
        0.30663201212882996,
        0.02795100025832653,
        0.030139999464154243,
        0.02783999964594841,
        0.02776999957859516,
        0.028929999098181725,
        0.027820000424981117
    ]
}