{
    "expTimes": [
        0.19722199440002441,
        0.08201099932193756,
        0.08727099746465683,
        0.07264100015163422,
        0.13199099898338318,
        0.08531100302934647,
        0.08164100348949432,
        0.07570099830627441,
        0.07914099842309952,
        0.05795000120997429,
        0.05517999827861786,
        0.05542000010609627,
        0.05869000032544136,
        0.06346999853849411,
        0.057061001658439636,
        0.05862100049853325,
        0.06264100223779678,
        0.059870000928640366,
        0.05826999992132187,
        0.059620000422000885,
        0.05731000006198883,
        0.05928099900484085,
        0.05720100179314613,
        0.2765220105648041,
        0.09515099972486496,
        0.08546999841928482,
        0.06335999816656113,
        0.05702099949121475,
        0.062160998582839966,
        0.05720100179314613
    ],
    "minKnap": [
        0.05139999836683273,
        0.0362199991941452,
        0.03369000181555748,
        0.03432999923825264,
        0.03483999893069267,
        0.1979909986257553,
        0.028379999101161957,
        0.029529999941587448,
        0.026750000193715096,
        0.026900000870227814,
        0.026969999074935913,
        0.02703000046312809,
        0.026450999081134796,
        0.03012000024318695,
        0.02676999941468239,
        0.027140000835061073,
        0.02800000086426735,
        0.028510000556707382,
        0.026900000870227814,
        0.02941099926829338,
        0.028519999235868454,
        0.027230000123381615,
        0.02734999917447567,
        0.027480000630021095,
        0.027820000424981117,
        0.029750000685453415,
        0.027659999206662178,
        0.02841999940574169,
        0.02735999971628189,
        0.0269399993121624
    ]
}