{
    "expTimes": [
        0.20562100410461426,
        0.08962099999189377,
        0.09752099961042404,
        0.06453999876976013,
        0.06331100314855576,
        0.06808999925851822,
        0.063680000603199,
        0.06346999853849411,
        0.06836999952793121,
        0.061820000410079956,
        0.05926100164651871,
        0.0589510016143322,
        0.06228100135922432,
        0.06220100075006485,
        0.0611409991979599,
        0.06178100034594536,
        0.06370099633932114,
        0.1315709948539734,
        0.09835000336170197,
        0.09547100216150284,
        0.09209100157022476,
        0.08987099677324295,
        0.06059100106358528,
        0.05813099816441536,
        0.0611409991979599,
        0.06336099654436111,
        0.06343100219964981,
        0.06369099766016006,
        0.06351099908351898,
        0.06516099721193314
    ],
    "minKnap": [
        0.06304000318050385,
        0.04095999896526337,
        0.03821999952197075,
        0.038339998573064804,
        0.038419999182224274,
        0.038350000977516174,
        0.039639998227357864,
        0.039969999343156815,
        0.03979000076651573,
        0.038440000265836716,
        0.03711999952793121,
        0.04010000079870224,
        0.04091000184416771,
        0.04253000020980835,
        0.03818000108003616,
        0.03988000005483627,
        0.03714999929070473,
        0.03765999898314476,
        0.03831100091338158,
        0.04245999827980995,
        0.03819999843835831,
        0.03872000053524971,
        0.03818000108003616,
        0.03807000070810318,
        0.0378899984061718,
        0.03999000042676926,
        0.03894999995827675,
        0.03894000127911568,
        0.03939000144600868,
        0.038989998400211334
    ]
}