{
    "expTimes": [
        0.14024099707603455,
        0.058430999517440796,
        0.061191000044345856,
        0.060339998453855515,
        0.06052999943494797,
        0.05762000009417534,
        0.05812999978661537,
        0.05536000058054924,
        0.05855000019073486,
        0.05565100163221359,
        0.0537710003554821,
        0.05569100007414818,
        0.05488099902868271,
        0.05697000026702881,
        0.054499998688697815,
        0.2138810008764267,
        0.08015000075101852,
        0.08595000207424164,
        0.05855000019073486,
        0.05849999934434891,
        0.057259999215602875,
        0.05914999917149544,
        0.06029000133275986,
        0.05590000003576279,
        0.056630998849868774,
        0.05733099952340126,
        0.0575609989464283,
        0.05455999821424484,
        0.05654999986290932,
        0.059700001031160355
    ],
    "minKnap": [
        0.0486610010266304,
        0.040369998663663864,
        0.03506999835371971,
        0.033330000936985016,
        0.035020001232624054,
        0.0340300016105175,
        0.03575100004673004,
        0.036671001464128494,
        0.038989998400211334,
        0.03926999866962433,
        0.03294000029563904,
        0.03522000089287758,
        0.03531999886035919,
        0.03822999820113182,
        0.0342399999499321,
        0.034710999578237534,
        0.035780999809503555,
        0.03353000059723854,
        0.03286999836564064,
        0.036649998277425766,
        0.03443099930882454,
        0.035220999270677567,
        0.03353000059723854,
        0.032919999212026596,
        0.033560000360012054,
        0.03564000129699707,
        0.03568999841809273,
        0.03328000009059906,
        0.03477000072598457,
        0.03319999948143959
    ]
}