{
    "expTimes": [
        0.22079099714756012,
        0.06396999955177307,
        0.0677499994635582,
        0.06689999997615814,
        0.06349000334739685,
        0.06577000021934509,
        0.061980001628398895,
        0.06759999692440033,
        0.06476999819278717,
        0.062130000442266464,
        0.06071000173687935,
        0.08825100213289261,
        0.0667399987578392,
        0.07882999628782272,
        0.06261000037193298,
        0.06302999705076218,
        0.06254000216722488,
        0.06394000351428986,
        0.06413999944925308,
        0.061650000512599945,
        0.06685999780893326,
        0.0719200000166893,
        0.061980001628398895,
        0.06379000097513199,
        0.060100000351667404,
        0.06443099677562714,
        0.06221099942922592,
        0.06526099890470505,
        0.0640610009431839,
        0.05992100015282631
    ],
    "minKnap": [
        0.05789100006222725,
        0.0387209989130497,
        0.03629099950194359,
        0.036591000854969025,
        0.036981001496315,
        0.036511000245809555,
        0.036761000752449036,
        0.038451001048088074,
        0.03700999915599823,
        0.036249998956918716,
        0.035999998450279236,
        0.03829000145196915,
        0.03682100027799606,
        0.04872100055217743,
        0.03693100064992905,
        0.03775100037455559,
        0.03677099943161011,
        0.0377810001373291,
        0.03623099997639656,
        0.040401000529527664,
        0.03680099919438362,
        0.03729100152850151,
        0.0371210016310215,
        0.036309998482465744,
        0.03638000041246414,
        0.03906000033020973,
        0.03703000023961067,
        0.036159999668598175,
        0.036979999393224716,
        0.0362199991941452
    ]
}