{
    "expTimes": [
        0.14796100556850433,
        0.06475099921226501,
        0.06893099844455719,
        0.06000100076198578,
        0.06202099844813347,
        0.05903099849820137,
        0.06083099916577339,
        0.059709999710321426,
        0.06299000233411789,
        0.05711999908089638,
        0.056699998676776886,
        0.060109999030828476,
        0.13514100015163422,
        0.0791110023856163,
        0.09685099869966507,
        0.13879099488258362,
        0.08489999920129776,
        0.08343999832868576,
        0.08337999880313873,
        0.0799110010266304,
        0.08713100105524063,
        0.0921109989285469,
        0.0788009986281395,
        0.07870099693536758,
        0.06426999717950821,
        0.07732000201940536,
        0.05988999828696251,
        0.06697999686002731,
        0.058430999517440796,
        0.05952100083231926
    ],
    "minKnap": [
        0.0501209981739521,
        0.04422000050544739,
        0.03558000177145004,
        0.03627000004053116,
        0.03740999847650528,
        0.036159999668598175,
        0.03790000081062317,
        0.03799000009894371,
        0.041110001504421234,
        0.03528999909758568,
        0.034299999475479126,
        0.03633100166916847,
        0.03374100103974342,
        0.03773999959230423,
        0.034949999302625656,
        0.036729998886585236,
        0.035280998796224594,
        0.03465000167489052,
        0.03537999838590622,
        0.03819999843835831,
        0.035599999129772186,
        0.03627999871969223,
        0.042580001056194305,
        0.03440999984741211,
        0.033900000154972076,
        0.037310000509023666,
        0.035999998450279236,
        0.036079999059438705,
        0.0363599993288517,
        0.035179998725652695
    ]
}