{
    "expTimes": [
        0.11056099832057953,
        0.07587099820375443,
        0.06536100059747696,
        0.05807099863886833,
        0.056481000036001205,
        0.056391000747680664,
        0.05553999915719032,
        0.05513999983668327,
        0.07953999936580658,
        0.05724000185728073,
        0.05733000114560127,
        0.05485999956727028,
        0.05583000183105469,
        0.05513999983668327,
        0.0524509996175766,
        0.05414099991321564,
        0.066041000187397,
        0.058171000331640244,
        0.057110000401735306,
        0.05623999983072281,
        0.05665000155568123,
        0.05626000091433525,
        0.05592000111937523,
        0.059790000319480896,
        0.055149998515844345,
        0.05796099826693535,
        0.05451099947094917,
        0.05778000131249428,
        0.05688999965786934,
        0.059060998260974884
    ],
    "minKnap": [
        0.05067000165581703,
        0.04351000115275383,
        0.03432000055909157,
        0.03539000079035759,
        0.03448000177741051,
        0.034860000014305115,
        0.03589000180363655,
        0.0363599993288517,
        0.03590000048279762,
        0.03449000045657158,
        0.033640000969171524,
        0.036531001329422,
        0.03371100127696991,
        0.03689999878406525,
        0.032180000096559525,
        0.03333999961614609,
        0.03345999866724014,
        0.031870000064373016,
        0.0333699993789196,
        0.03564999997615814,
        0.033070001751184464,
        0.033991001546382904,
        0.03320100158452988,
        0.03454999998211861,
        0.031139999628067017,
        0.03813999891281128,
        0.03280999884009361,
        0.27528199553489685,
        0.02729099988937378,
        0.032749999314546585
    ]
}