{
    "expTimes": [
        0.16193099319934845,
        0.1617410033941269,
        0.18926100432872772,
        0.11577100306749344,
        0.160521000623703,
        0.10837099701166153,
        0.22223100066184998,
        0.08647000044584274,
        0.07842999696731567,
        0.07627999782562256,
        0.07405000180006027,
        0.0825200006365776,
        0.08082100003957748,
        0.08475100249052048,
        0.0727510005235672,
        0.07213100045919418,
        0.07593099772930145,
        0.07987099885940552,
        0.07349099963903427,
        0.07509099692106247,
        0.07358100265264511,
        0.07105100154876709,
        0.07895100116729736,
        0.07280100136995316,
        0.07178100198507309,
        0.07687100023031235,
        0.07256100326776505,
        0.07391099631786346,
        0.07445000112056732,
        0.07255999743938446
    ],
    "minKnap": [
        0.05530000105500221,
        0.038989998400211334,
        0.03661999851465225,
        0.037289999425411224,
        0.038621000945568085,
        0.03773000091314316,
        0.04027999937534332,
        0.04022099822759628,
        0.03819100186228752,
        0.03682100027799606,
        0.03568999841809273,
        0.03598000109195709,
        0.036249998956918716,
        0.03929999843239784,
        0.0357699990272522,
        0.034860000014305115,
        0.033810000866651535,
        0.041919998824596405,
        0.03568999841809273,
        0.03838000074028969,
        0.0328500010073185,
        0.03420000150799751,
        0.03313999995589256,
        0.0347599983215332,
        0.031690001487731934,
        0.03477000072598457,
        0.0370200015604496,
        0.0370899997651577,
        0.03813000023365021,
        0.03633999824523926
    ]
}