{
    "expTimes": [
        0.11964099854230881,
        0.0711200013756752,
        0.06928999722003937,
        0.057349998503923416,
        0.05491099879145622,
        0.054691001772880554,
        0.0561399981379509,
        0.05703999847173691,
        0.057500001043081284,
        0.05720999836921692,
        0.06729999929666519,
        0.058171000331640244,
        0.05950099974870682,
        0.054211001843214035,
        0.054499998688697815,
        0.055709999054670334,
        0.05528999865055084,
        0.05649000033736229,
        0.05699099972844124,
        0.05507100000977516,
        0.055020999163389206,
        0.053679998964071274,
        0.05270000174641609,
        0.05420000106096268,
        0.05437000095844269,
        0.05368100106716156,
        0.057541001588106155,
        0.05375099927186966,
        0.05406999960541725,
        0.05477000027894974
    ],
    "minKnap": [
        0.041179999709129333,
        0.03224100172519684,
        0.03104100003838539,
        0.03068999946117401,
        0.030750000849366188,
        0.03061000071465969,
        0.03117999993264675,
        0.03359999880194664,
        0.030869999900460243,
        0.02787099964916706,
        0.026990000158548355,
        0.029670000076293945,
        0.028149999678134918,
        0.03334999829530716,
        0.02751999907195568,
        0.030169999226927757,
        0.027441000565886497,
        0.027670999988913536,
        0.027219999581575394,
        0.03147999942302704,
        0.029360000044107437,
        0.030990000814199448,
        0.030460000038146973,
        0.029520999640226364,
        0.030440999194979668,
        0.03254999965429306,
        0.036570001393556595,
        0.029980000108480453,
        0.03125,
        0.030409999191761017
    ]
}