{
    "expTimes": [
        0.19860200583934784,
        0.08852100372314453,
        0.14173099398612976,
        0.0904809981584549,
        0.08748099952936172,
        0.09229099750518799,
        0.08783099800348282,
        0.08487100154161453,
        0.08117999881505966,
        0.06227000057697296,
        0.05979999899864197,
        0.06164100021123886,
        0.09052100032567978,
        0.060589998960494995,
        0.061170000582933426,
        0.06296099722385406,
        0.0657309964299202,
        0.06155100092291832,
        0.06334099918603897,
        0.06220100075006485,
        0.06189100071787834,
        0.06125099956989288,
        0.06205099821090698,
        0.06254100054502487,
        0.06255999952554703,
        0.06174999848008156,
        0.06357000023126602,
        0.07000000029802322,
        0.06356000155210495,
        0.06421999633312225
    ],
    "minKnap": [
        0.051259998232126236,
        0.03623000159859657,
        0.03432999923825264,
        0.035659998655319214,
        0.03847000002861023,
        0.03658999875187874,
        0.03796999901533127,
        0.038350000977516174,
        0.03794100135564804,
        0.03494099900126457,
        0.03359999880194664,
        0.035670001059770584,
        0.032999999821186066,
        0.035920001566410065,
        0.03620000183582306,
        0.036479998379945755,
        0.03519999980926514,
        0.035420000553131104,
        0.03488999977707863,
        0.04544999822974205,
        0.035829998552799225,
        0.037370000034570694,
        0.03488999977707863,
        0.03573000058531761,
        0.03497999906539917,
        0.03581000119447708,
        0.037629999220371246,
        0.035179998725652695,
        0.03756999969482422,
        0.035659998655319214
    ]
}