{
    "expTimes": [
        0.11628100275993347,
        0.05827099829912186,
        0.06652099639177322,
        0.0994110032916069,
        0.058361001312732697,
        0.05593099817633629,
        0.056791000068187714,
        0.05685000121593475,
        0.05696000158786774,
        0.059530001133680344,
        0.05711999908089638,
        0.06126999855041504,
        0.060019999742507935,
        0.05637099966406822,
        0.05597100034356117,
        0.05626099929213524,
        0.05630100145936012,
        0.05603000149130821,
        0.06119000166654587,
        0.05660000070929527,
        0.058240000158548355,
        0.05508999899029732,
        0.05531100183725357,
        0.057381000369787216,
        0.05666099861264229,
        0.05557100102305412,
        0.07815100252628326,
        0.06330099701881409,
        0.05852000042796135,
        0.058410000056028366
    ],
    "minKnap": [
        0.05019000172615051,
        0.0340300016105175,
        0.032990001142024994,
        0.03240999951958656,
        0.03316999971866608,
        0.032280001789331436,
        0.03369000181555748,
        0.03650999814271927,
        0.03317999839782715,
        0.03319999948143959,
        0.032131001353263855,
        0.03387099876999855,
        0.033810000866651535,
        0.03753000125288963,
        0.032710000872612,
        0.033399999141693115,
        0.03280999884009361,
        0.030859999358654022,
        0.03203999996185303,
        0.03688099980354309,
        0.03202100098133087,
        0.032611001282930374,
        0.03235999867320061,
        0.03175999969244003,
        0.0326399989426136,
        0.034929998219013214,
        0.036639999598264694,
        0.03221999853849411,
        0.03319999948143959,
        0.030899999663233757
    ]
}