{
    "expTimes": [
        0.2023719996213913,
        0.08698099851608276,
        0.09854000061750412,
        0.07338999956846237,
        0.06369999796152115,
        0.061879999935626984,
        0.0641700029373169,
        0.06210999935865402,
        0.06086999922990799,
        0.06953000277280807,
        0.058329999446868896,
        0.06312000006437302,
        0.0589199997484684,
        0.06494999676942825,
        0.09200000017881393,
        0.06533999741077423,
        0.0649000033736229,
        0.060440000146627426,
        0.06225999817252159,
        0.060520000755786896,
        0.06586000323295593,
        0.061730001121759415,
        0.06312999874353409,
        0.06945999711751938,
        0.0596500001847744,
        0.06199999898672104,
        0.057009998708963394,
        0.06187000125646591,
        0.13120999932289124,
        0.08685100078582764
    ],
    "minKnap": [
        0.049550000578165054,
        0.04157999902963638,
        0.03677999973297119,
        0.044870998710393906,
        0.03959000110626221,
        0.03838999941945076,
        0.04014100134372711,
        0.041850000619888306,
        0.039191000163555145,
        0.0391709990799427,
        0.043501000851392746,
        0.038610998541116714,
        0.036981001496315,
        0.04301099851727486,
        0.03702099993824959,
        0.037411000579595566,
        0.035700999200344086,
        0.03693100064992905,
        0.036021001636981964,
        0.04068100079894066,
        0.03649099916219711,
        0.03847099840641022,
        0.036511000245809555,
        0.04425099864602089,
        0.03986100107431412,
        0.03922099992632866,
        0.03782099857926369,
        0.036400001496076584,
        0.03880999982357025,
        0.03748000040650368
    ]
}