{
    "expTimes": [
        0.13044099509716034,
        0.05820000171661377,
        0.06334099918603897,
        0.06039100140333176,
        0.06321100145578384,
        0.05668099969625473,
        0.06928099691867828,
        0.06414099782705307,
        0.059870000928640366,
        0.05829000100493431,
        0.0572500005364418,
        0.05886000022292137,
        0.12410099804401398,
        0.08453100174665451,
        0.12488099932670593,
        0.08754000067710876,
        0.07740999758243561,
        0.08071000128984451,
        0.08049999922513962,
        0.06571000069379807,
        0.05866000056266785,
        0.05685000121593475,
        0.05908999964594841,
        0.05525999888777733,
        0.058361001312732697,
        0.05863099917769432,
        0.06510099768638611,
        0.06383100152015686,
        0.05571100115776062,
        0.05869999900460243
    ],
    "minKnap": [
        0.04836999997496605,
        0.03838000074028969,
        0.0340300016105175,
        0.033629998564720154,
        0.03373999893665314,
        0.03322000056505203,
        0.03533000126481056,
        0.03587999939918518,
        0.033969998359680176,
        0.032999999821186066,
        0.03156000003218651,
        0.03298100084066391,
        0.03344099968671799,
        0.04058999940752983,
        0.03359999880194664,
        0.034550998359918594,
        0.033031001687049866,
        0.034001000225543976,
        0.03438099846243858,
        0.037050001323223114,
        0.033649999648332596,
        0.034561000764369965,
        0.03336099907755852,
        0.03290100023150444,
        0.03319999948143959,
        0.035840000957250595,
        0.03367000073194504,
        0.032579999417066574,
        0.03508000075817108,
        0.03376999869942665
    ]
}