{
    "expTimes": [
        0.15886099636554718,
        0.07454100251197815,
        0.08256100118160248,
        0.06864000111818314,
        0.07225000113248825,
        0.07041999697685242,
        0.07305999845266342,
        0.07656999677419662,
        0.14397099614143372,
        0.10637100040912628,
        0.10244099795818329,
        0.08212000131607056,
        0.0704599991440773,
        0.07575999945402145,
        0.0697999969124794,
        0.06887000054121017,
        0.07071000337600708,
        0.15335099399089813,
        0.10678000003099442,
        0.10637100040912628,
        0.10676100105047226,
        0.10592100024223328,
        0.10481999814510345,
        0.07069999724626541,
        0.07342000305652618,
        0.07180000096559525,
        0.07073000073432922,
        0.06909000128507614,
        0.06963100284337997,
        0.06898000091314316
    ],
    "minKnap": [
        0.056279998272657394,
        0.04357999935746193,
        0.04428999871015549,
        0.03734999895095825,
        0.03943999856710434,
        0.03685000166296959,
        0.038940999656915665,
        0.039691001176834106,
        0.03777100145816803,
        0.03725000098347664,
        0.03626000136137009,
        0.03807099908590317,
        0.03671099990606308,
        0.046560000628232956,
        0.03765999898314476,
        0.03691999986767769,
        0.03734000027179718,
        0.037470001727342606,
        0.03782999888062477,
        0.04126099869608879,
        0.036990001797676086,
        0.03757999837398529,
        0.036761000752449036,
        0.036320000886917114,
        0.036400001496076584,
        0.039480000734329224,
        0.037939999252557755,
        0.03668000176548958,
        0.03765000030398369,
        0.03641999885439873
    ]
}