{
    "expTimes": [
        0.13405099511146545,
        0.08720099925994873,
        0.08310099691152573,
        0.0748710036277771,
        0.0733100026845932,
        0.07154999673366547,
        0.07914000004529953,
        0.0740400031208992,
        0.07391999661922455,
        0.07559999823570251,
        0.07168000191450119,
        0.07473000138998032,
        0.0692799985408783,
        0.07390999794006348,
        0.08488000184297562,
        0.07552000135183334,
        0.07056000083684921,
        0.07171999663114548,
        0.07221999764442444,
        0.2002509981393814,
        0.08066000044345856,
        0.07152999937534332,
        0.06915000081062317,
        0.07043000310659409,
        0.06881999969482422,
        0.07304999977350235,
        0.07288999855518341,
        0.06932000070810318,
        0.07063999772071838,
        0.07343000173568726
    ],
    "minKnap": [
        0.05197099968791008,
        0.03618000075221062,
        0.034299999475479126,
        0.03482000157237053,
        0.03455999866127968,
        0.03381999954581261,
        0.03463999927043915,
        0.037161000072956085,
        0.036281000822782516,
        0.034981001168489456,
        0.03362099826335907,
        0.035780999809503555,
        0.03543100133538246,
        0.04327100142836571,
        0.03506999835371971,
        0.03571999818086624,
        0.034949999302625656,
        0.0340300016105175,
        0.03590000048279762,
        0.03957999870181084,
        0.03501100093126297,
        0.03725000098347664,
        0.036479998379945755,
        0.03643999993801117,
        0.03810099884867668,
        0.03976999968290329,
        0.03891000151634216,
        0.03671000152826309,
        0.03911999985575676,
        0.03643999993801117
    ]
}