{
    "expTimes": [
        0.15676100552082062,
        0.07336000353097916,
        0.07010000199079514,
        0.06824000179767609,
        0.07388100028038025,
        0.06821099668741226,
        0.06841100007295609,
        0.06408099830150604,
        0.06523100286722183,
        0.06442099809646606,
        0.06543099880218506,
        0.06586100161075592,
        0.06796099990606308,
        0.13545100390911102,
        0.0906200036406517,
        0.09374099969863892,
        0.09170100092887878,
        0.09380099922418594,
        0.0848110020160675,
        0.06504999846220016,
        0.06537000089883804,
        0.06341999769210815,
        0.0633310005068779,
        0.06483100354671478,
        0.06537099927663803,
        0.06331100314855576,
        0.06165099889039993,
        0.06405100226402283,
        0.0625310018658638,
        0.06138100102543831
    ],
    "minKnap": [
        0.054200999438762665,
        0.03872000053524971,
        0.03601999953389168,
        0.03674999997019768,
        0.037300001829862595,
        0.03765000030398369,
        0.03748000040650368,
        0.039500001817941666,
        0.037689998745918274,
        0.03612000122666359,
        0.03692999854683876,
        0.037300001829862595,
        0.036090001463890076,
        0.041179999709129333,
        0.036991000175476074,
        0.0377499982714653,
        0.0369499996304512,
        0.037370000034570694,
        0.035999998450279236,
        0.03930100053548813,
        0.03578000143170357,
        0.03734999895095825,
        0.037209998816251755,
        0.03579000011086464,
        0.03953000158071518,
        0.03874000161886215,
        0.03669000044465065,
        0.037050001323223114,
        0.03742000088095665,
        0.03655000030994415
    ]
}