{
    "expTimes": [
        0.12068100273609161,
        0.0728909969329834,
        0.0642009973526001,
        0.05643099918961525,
        0.054131001234054565,
        0.055500999093055725,
        0.06571999937295914,
        0.06046999990940094,
        0.05756999924778938,
        0.05762999877333641,
        0.056299999356269836,
        0.05517999827861786,
        0.05714999884366989,
        0.05563100054860115,
        0.06031100079417229,
        0.05970099940896034,
        0.056161001324653625,
        0.05578000098466873,
        0.05316999927163124,
        0.05463999882340431,
        0.054979998618364334,
        0.05352000147104263,
        0.0566600002348423,
        0.057030998170375824,
        0.05492100119590759,
        0.05637099966406822,
        0.05577100068330765,
        0.0528700016438961,
        0.05801999941468239,
        0.05587000027298927
    ],
    "minKnap": [
        0.05058100074529648,
        0.03683000057935715,
        0.0363599993288517,
        0.036809999495744705,
        0.03790000081062317,
        0.036720000207424164,
        0.03660000115633011,
        0.04137999936938286,
        0.036729998886585236,
        0.03604000061750412,
        0.035371001809835434,
        0.03686099871993065,
        0.035190001130104065,
        0.039570000022649765,
        0.036070000380277634,
        0.036740001291036606,
        0.0361500009894371,
        0.0368800014257431,
        0.03539999946951866,
        0.039069999009370804,
        0.034641001373529434,
        0.03607099875807762,
        0.03720000013709068,
        0.034630000591278076,
        0.03852999955415726,
        0.038100000470876694,
        0.03626000136137009,
        0.036649998277425766,
        0.036720000207424164,
        0.03689999878406525
    ]
}