{
    "expTimes": [
        0.14389100670814514,
        0.06154999881982803,
        0.06684999912977219,
        0.06239999830722809,
        0.06202000007033348,
        0.05920099839568138,
        0.06042100116610527,
        0.06549099832773209,
        0.06104100123047829,
        0.05862100049853325,
        0.060371000319719315,
        0.060029998421669006,
        0.05973000079393387,
        0.059220001101493835,
        0.05804000049829483,
        0.06369999796152115,
        0.06134000048041344,
        0.06716000288724899,
        0.059119999408721924,
        0.05829999968409538,
        0.05958100035786629,
        0.057930998504161835,
        0.06031100079417229,
        0.0561710000038147,
        0.05799100175499916,
        0.0574599988758564,
        0.05756999924778938,
        0.05919000133872032,
        0.05869999900460243,
        0.08081000298261642
    ],
    "minKnap": [
        0.046220000833272934,
        0.036350999027490616,
        0.03519099950790405,
        0.03462100028991699,
        0.0347599983215332,
        0.03181999921798706,
        0.036309998482465744,
        0.0368800014257431,
        0.03531999886035919,
        0.03220000118017197,
        0.03373999893665314,
        0.0361500009894371,
        0.03401000052690506,
        0.03791999816894531,
        0.03356099873781204,
        0.034001000225543976,
        0.03211100026965141,
        0.03899100050330162,
        0.03258100152015686,
        0.04262100160121918,
        0.03178999945521355,
        0.03237999975681305,
        0.031109999865293503,
        0.03183000162243843,
        0.03135000169277191,
        0.0348300002515316,
        0.03305000066757202,
        0.03434000164270401,
        0.03665100038051605,
        0.035950999706983566
    ]
}