{
    "expTimes": [
        0.11167100071907043,
        0.06497099995613098,
        0.056800998747348785,
        0.056720998138189316,
        0.054120998829603195,
        0.0530100017786026,
        0.0528700016438961,
        0.05235999822616577,
        0.055730000138282776,
        0.05655999854207039,
        0.05506100133061409,
        0.055420998483896255,
        0.055091001093387604,
        0.05262000113725662,
        0.05553000047802925,
        0.06685999780893326,
        0.05584000051021576,
        0.06086999922990799,
        0.054409999400377274,
        0.05322999879717827,
        0.05254099890589714,
        0.05288099870085716,
        0.051701001822948456,
        0.05457000061869621,
        0.05724100023508072,
        0.05204999819397926,
        0.05332000181078911,
        0.05392000079154968,
        0.05211000144481659,
        0.05305099859833717
    ],
    "minKnap": [
        0.04913000017404556,
        0.03691000118851662,
        0.03620000183582306,
        0.03415999934077263,
        0.035259999334812164,
        0.03441999852657318,
        0.035259999334812164,
        0.03843099996447563,
        0.036111000925302505,
        0.04054100066423416,
        0.03238999843597412,
        0.035829998552799225,
        0.035029999911785126,
        0.03791999816894531,
        0.03432000055909157,
        0.035270001739263535,
        0.03583100065588951,
        0.03403099998831749,
        0.03502099961042404,
        0.03829000145196915,
        0.033720001578330994,
        0.03531000018119812,
        0.0342399999499321,
        0.03305000066757202,
        0.03220999985933304,
        0.03514000028371811,
        0.032710000872612,
        0.03178099915385246,
        0.035420000553131104,
        0.03288999944925308
    ]
}