{
    "expTimes": [
        0.12544099986553192,
        0.0745600014925003,
        0.07147999852895737,
        0.0622900016605854,
        0.06036999821662903,
        0.060120001435279846,
        0.06013000011444092,
        0.05988999828696251,
        0.05896100029349327,
        0.07131099700927734,
        0.06534100323915482,
        0.06132100149989128,
        0.060520999133586884,
        0.06028100103139877,
        0.05846099928021431,
        0.059390000998973846,
        0.05795000120997429,
        0.06532999873161316,
        0.060350000858306885,
        0.05781000107526779,
        0.06015999987721443,
        0.05919000133872032,
        0.06369999796152115,
        0.0589900016784668,
        0.06463000178337097,
        0.05761000141501427,
        0.058681000024080276,
        0.058090999722480774,
        0.05635099858045578,
        0.058180999010801315
    ],
    "minKnap": [
        0.05138999968767166,
        0.0378509983420372,
        0.03690100088715553,
        0.03783100098371506,
        0.036761000752449036,
        0.03715100139379501,
        0.03782999888062477,
        0.03923000022768974,
        0.03759999945759773,
        0.03734000027179718,
        0.03545999899506569,
        0.03692999854683876,
        0.03832000121474266,
        0.04035000130534172,
        0.03613999858498573,
        0.03748000040650368,
        0.035930000245571136,
        0.03711999952793121,
        0.03562000021338463,
        0.0416410006582737,
        0.03744100034236908,
        0.03670100122690201,
        0.03620100021362305,
        0.03581999987363815,
        0.04301000013947487,
        0.03919000178575516,
        0.037310000509023666,
        0.03733000159263611,
        0.03759999945759773,
        0.03784000128507614
    ]
}