{
    "expTimes": [
        0.21840199828147888,
        0.07910100370645523,
        0.06774099916219711,
        0.06214100122451782,
        0.05918100103735924,
        0.05758000165224075,
        0.056609999388456345,
        0.05877000093460083,
        0.056299999356269836,
        0.056359998881816864,
        0.055810000747442245,
        0.056630998849868774,
        0.05604099854826927,
        0.05386099964380264,
        0.05390999838709831,
        0.05510000139474869,
        0.053449999541044235,
        0.056460000574588776,
        0.06102000176906586,
        0.05779999867081642,
        0.05457000061869621,
        0.05368100106716156,
        0.05515100061893463,
        0.053870998322963715,
        0.07446099817752838,
        0.05561099946498871,
        0.05708000063896179,
        0.05778999999165535,
        0.056770000606775284,
        0.057659998536109924
    ],
    "minKnap": [
        0.05335000157356262,
        0.03813999891281128,
        0.03513000160455704,
        0.03448000177741051,
        0.035930000245571136,
        0.034370001405477524,
        0.03714999929070473,
        0.036970000714063644,
        0.036991000175476074,
        0.03507100045681,
        0.03365999832749367,
        0.03807999938726425,
        0.03452000021934509,
        0.0392099991440773,
        0.03525000065565109,
        0.03669999912381172,
        0.03610000014305115,
        0.03656100109219551,
        0.03501100093126297,
        0.039340998977422714,
        0.035760000348091125,
        0.03564999997615814,
        0.035259999334812164,
        0.03506999835371971,
        0.035110000520944595,
        0.03784000128507614,
        0.03654000163078308,
        0.03621000051498413,
        0.03666999936103821,
        0.035381000488996506
    ]
}