{
    "expTimes": [
        0.12730099260807037,
        0.06513000279664993,
        0.06185999885201454,
        0.06066000089049339,
        0.06383100152015686,
        0.07041099667549133,
        0.06005999818444252,
        0.06080999970436096,
        0.06001000106334686,
        0.060690999031066895,
        0.13335099816322327,
        0.08506999909877777,
        0.0818599984049797,
        0.08370999991893768,
        0.08285000175237656,
        0.08212999999523163,
        0.0955910012125969,
        0.061230000108480453,
        0.05900000035762787,
        0.0594400018453598,
        0.05437999963760376,
        0.05576999858021736,
        0.05806099995970726,
        0.055410999804735184,
        0.06678099930286407,
        0.060130998492240906,
        0.058800000697374344,
        0.05527999997138977,
        0.05486999824643135,
        0.0611100010573864
    ],
    "minKnap": [
        0.05121000111103058,
        0.03832099959254265,
        0.03362099826335907,
        0.033569999039173126,
        0.03378000110387802,
        0.03302999958395958,
        0.04182000085711479,
        0.03618999943137169,
        0.03466000035405159,
        0.1851709932088852,
        0.02606000006198883,
        0.026530999690294266,
        0.025530999526381493,
        0.02893099933862686,
        0.025909999385476112,
        0.025930000469088554,
        0.02758999913930893,
        0.025750000029802322,
        0.025690000504255295,
        0.027939999476075172,
        0.02552100084722042,
        0.027149999514222145,
        0.025429999455809593,
        0.027230000123381615,
        0.027060000225901604,
        0.028920000419020653,
        0.02566000074148178,
        0.02549000084400177,
        0.025721000507473946,
        0.025750000029802322
    ]
}