{
    "expTimes": [
        0.12200099974870682,
        0.06238999962806702,
        0.06582099944353104,
        0.05504100024700165,
        0.05667100101709366,
        0.06132100149989128,
        0.05838099867105484,
        0.059289999306201935,
        0.058490000665187836,
        0.059870000928640366,
        0.05835000053048134,
        0.05711999908089638,
        0.05423000082373619,
        0.05883999913930893,
        0.060061000287532806,
        0.06492099910974503,
        0.056060999631881714,
        0.054520998150110245,
        0.055580999702215195,
        0.06911099702119827,
        0.05921100080013275,
        0.057009998708963394,
        0.060180000960826874,
        0.05724000185728073,
        0.05660000070929527,
        0.058820001780986786,
        0.057420000433921814,
        0.06633999943733215,
        0.05560100078582764,
        0.05572099983692169
    ],
    "minKnap": [
        0.04729999974370003,
        0.03562000021338463,
        0.03361999988555908,
        0.03342000022530556,
        0.03353999927639961,
        0.03294999897480011,
        0.034210000187158585,
        0.03627999871969223,
        0.03367999941110611,
        0.03424999862909317,
        0.032150998711586,
        0.034341000020504,
        0.03279099985957146,
        0.03708000108599663,
        0.033810000866651535,
        0.04072999954223633,
        0.033959999680519104,
        0.03313000127673149,
        0.03288000077009201,
        0.0372299998998642,
        0.03627000004053116,
        0.04219000041484833,
        0.034060001373291016,
        0.03426999971270561,
        0.03370999917387962,
        0.03608100116252899,
        0.03555100038647652,
        0.03305000066757202,
        0.03480999916791916,
        0.03365999832749367
    ]
}