{
    "expTimes": [
        0.3897329866886139,
        0.09391999989748001,
        0.09218999743461609,
        0.08837100118398666,
        0.06665000319480896,
        0.13992099463939667,
        0.09528999775648117,
        0.095660001039505,
        0.09208100289106369,
        0.06795100122690201,
        0.06613100320100784,
        0.14490100741386414,
        0.09860000014305115,
        0.09508100152015686,
        0.09708099812269211,
        0.06676100194454193,
        0.09124100208282471,
        0.06753099709749222,
        0.06519100069999695,
        0.06585100293159485,
        0.06329099833965302,
        0.062470998615026474,
        0.061740998178720474,
        0.06997100263834,
        0.06440100073814392,
        0.06351099908351898,
        0.06404100358486176,
        0.06373099982738495,
        0.06557100266218185,
        0.062490999698638916
    ],
    "minKnap": [
        0.06925000250339508,
        0.04514100030064583,
        0.03899100050330162,
        0.04173000156879425,
        0.04121999815106392,
        0.03971000015735626,
        0.04171000048518181,
        0.04128099977970123,
        0.041919998824596405,
        0.03937999904155731,
        0.038440000265836716,
        0.04343999922275543,
        0.03868100047111511,
        0.041669998317956924,
        0.03815000131726265,
        0.03988000005483627,
        0.03864999860525131,
        0.03880999982357025,
        0.03790999948978424,
        0.04171000048518181,
        0.03968000039458275,
        0.04002000018954277,
        0.039480000734329224,
        0.03813999891281128,
        0.038430001586675644,
        0.04050999879837036,
        0.03959000110626221,
        0.040150001645088196,
        0.039480000734329224,
        0.04044000059366226
    ]
}