{
    "expTimes": [
        0.12709100544452667,
        0.08161100000143051,
        0.07883100211620331,
        0.06467100232839584,
        0.06092099845409393,
        0.06614000350236893,
        0.06187000125646591,
        0.06866999715566635,
        0.08348099887371063,
        0.06506100296974182,
        0.062139999121427536,
        0.065140001475811,
        0.06154999881982803,
        0.06262999773025513,
        0.07005999982357025,
        0.06247999891638756,
        0.06259000301361084,
        0.0643400028347969,
        0.07902999967336655,
        0.06370999664068222,
        0.060600001364946365,
        0.06571999937295914,
        0.06157999858260155,
        0.06035099923610687,
        0.05922099947929382,
        0.058761000633239746,
        0.0616610012948513,
        0.0589510016143322,
        0.06221099942922592,
        0.06656000018119812
    ],
    "minKnap": [
        0.05437000095844269,
        0.04052000120282173,
        0.03723999857902527,
        0.03857000172138214,
        0.03818000108003616,
        0.035610001534223557,
        0.03765000030398369,
        0.03804999962449074,
        0.0371600016951561,
        0.03646999970078468,
        0.03506999835371971,
        0.0378200002014637,
        0.03626000136137009,
        0.03920000046491623,
        0.036660000681877136,
        0.036639999598264694,
        0.03590099886059761,
        0.035360999405384064,
        0.0356610007584095,
        0.038061000406742096,
        0.036270998418331146,
        0.03650999814271927,
        0.03660000115633011,
        0.034949999302625656,
        0.03573000058531761,
        0.037379998713731766,
        0.03650999814271927,
        0.03637000173330307,
        0.03564000129699707,
        0.035509999841451645
    ]
}