{
    "expTimes": [
        0.14018100500106812,
        0.13482099771499634,
        0.09329099953174591,
        0.08674100041389465,
        0.07551000267267227,
        0.0628800019621849,
        0.06448999792337418,
        0.06366000324487686,
        0.062240999191999435,
        0.06397099792957306,
        0.06271100044250488,
        0.06357099860906601,
        0.062081001698970795,
        0.05871099978685379,
        0.06035099923610687,
        0.058111000806093216,
        0.06162099912762642,
        0.058410000056028366,
        0.06428000330924988,
        0.059459999203681946,
        0.06030000001192093,
        0.060589998960494995,
        0.06125999987125397,
        0.06145000085234642,
        0.05883999913930893,
        0.06699000298976898,
        0.05993000045418739,
        0.06260000169277191,
        0.05883999913930893,
        0.06026000156998634
    ],
    "minKnap": [
        0.063510000705719,
        0.3096419870853424,
        0.03584999963641167,
        0.03658999875187874,
        0.042201001197099686,
        0.03956099972128868,
        0.03757999837398529,
        0.03849000111222267,
        0.038279999047517776,
        0.036329999566078186,
        0.03409000113606453,
        0.04225999861955643,
        0.03668000176548958,
        0.04196999967098236,
        0.03465000167489052,
        0.037950001657009125,
        0.03626000136137009,
        0.036570001393556595,
        0.04100999981164932,
        0.04121999815106392,
        0.03725000098347664,
        0.0362199991941452,
        0.03725000098347664,
        0.03650100156664848,
        0.03543100133538246,
        0.03916100040078163,
        0.03866099938750267,
        0.03689099848270416,
        0.0379210002720356,
        0.036729998886585236
    ]
}