{
    "expTimes": [
        0.11963099986314774,
        0.1213110014796257,
        0.08997999876737595,
        0.08113999664783478,
        0.08149100095033646,
        0.057909999042749405,
        0.05948000028729439,
        0.06458000093698502,
        0.06126999855041504,
        0.05691000074148178,
        0.056379999965429306,
        0.055390000343322754,
        0.06120000034570694,
        0.05618999898433685,
        0.05719099938869476,
        0.06059100106358528,
        0.05752100050449371,
        0.05887100100517273,
        0.05594100058078766,
        0.057009998708963394,
        0.056370001286268234,
        0.057500001043081284,
        0.061319999396800995,
        0.06436000019311905,
        0.056710001081228256,
        0.05617000162601471,
        0.054999999701976776,
        0.05562099814414978,
        0.05698100104928017,
        0.12150099873542786
    ],
    "minKnap": [
        0.0523810014128685,
        0.04210999980568886,
        0.03876100108027458,
        0.0392800010740757,
        0.038029998540878296,
        0.03861000016331673,
        0.038589999079704285,
        0.040470000356435776,
        0.039409998804330826,
        0.03871000185608864,
        0.036281000822782516,
        0.03743100166320801,
        0.03725000098347664,
        0.040150001645088196,
        0.03725000098347664,
        0.039799999445676804,
        0.036410000175237656,
        0.0370899997651577,
        0.03626000136137009,
        0.03953000158071518,
        0.035999998450279236,
        0.03703000023961067,
        0.039671000093221664,
        0.04037100076675415,
        0.0363910011947155,
        0.038860999047756195,
        0.03760100156068802,
        0.03750000149011612,
        0.03793000057339668,
        0.03719000145792961
    ]
}