{
    "expTimes": [
        0.11857999861240387,
        0.07062099874019623,
        0.06101100146770477,
        0.05852000042796135,
        0.06207000091671944,
        0.0581899993121624,
        0.056859999895095825,
        0.055479999631643295,
        0.060100000351667404,
        0.056759998202323914,
        0.05701100081205368,
        0.11894100159406662,
        0.0830800011754036,
        0.07838000357151031,
        0.08216000348329544,
        0.07943999767303467,
        0.07874999940395355,
        0.10112100094556808,
        0.0624609999358654,
        0.06177999824285507,
        0.05843000113964081,
        0.058809999376535416,
        0.0625,
        0.056940000504255295,
        0.06477999687194824,
        0.06134000048041344,
        0.05976000055670738,
        0.05736999958753586,
        0.059950001537799835,
        0.12714099884033203
    ],
    "minKnap": [
        0.049180999398231506,
        0.03685000166296959,
        0.03246999904513359,
        0.034279998391866684,
        0.038109999150037766,
        0.03373999893665314,
        0.034800998866558075,
        0.03703099861741066,
        0.03422100096940994,
        0.0334010012447834,
        0.032590001821517944,
        0.033330000936985016,
        0.03314099833369255,
        0.036750998347997665,
        0.03311099857091904,
        0.034860000014305115,
        0.03294000029563904,
        0.03443000093102455,
        0.03319999948143959,
        0.03610999882221222,
        0.03804999962449074,
        0.034380000084638596,
        0.035009998828172684,
        0.032701000571250916,
        0.03469099849462509,
        0.03549100086092949,
        0.03515100106596947,
        0.03606100007891655,
        0.034370001405477524,
        0.03384000062942505
    ]
}