{
    "expTimes": [
        0.11274000257253647,
        0.06802999973297119,
        0.06366000324487686,
        0.0567299984395504,
        0.05511999875307083,
        0.05437000095844269,
        0.07757099717855453,
        0.05820100009441376,
        0.057061001658439636,
        0.0561010017991066,
        0.054829999804496765,
        0.0565899983048439,
        0.0553399994969368,
        0.07141000032424927,
        0.05827999860048294,
        0.059220001101493835,
        0.0561710000038147,
        0.054770998656749725,
        0.05578099936246872,
        0.057659998536109924,
        0.05511999875307083,
        0.0627100020647049,
        0.05500999838113785,
        0.05640000104904175,
        0.05457000061869621,
        0.057061001658439636,
        0.0553710013628006,
        0.05472100153565407,
        0.05810999870300293,
        0.05496000126004219
    ],
    "minKnap": [
        0.044840000569820404,
        0.034060001373291016,
        0.03200099989771843,
        0.03118100017309189,
        0.03305099904537201,
        0.031289998441934586,
        0.03290000185370445,
        0.03392999991774559,
        0.036720000207424164,
        0.03162999823689461,
        0.03084000013768673,
        0.033229999244213104,
        0.03120099939405918,
        0.03526100143790245,
        0.0313510000705719,
        0.03252999857068062,
        0.031610000878572464,
        0.03136000037193298,
        0.031950000673532486,
        0.03474999964237213,
        0.031599998474121094,
        0.03223999962210655,
        0.030970999971032143,
        0.034070998430252075,
        0.03178999945521355,
        0.03246000036597252,
        0.03359999880194664,
        0.030969999730587006,
        0.03305000066757202,
        0.031369999051094055
    ]
}