{
    "expTimes": [
        0.12422999739646912,
        0.055649999529123306,
        0.06272999942302704,
        0.05593999847769737,
        0.05858999863266945,
        0.05465000122785568,
        0.05945099890232086,
        0.05458100140094757,
        0.07292100042104721,
        0.05781099945306778,
        0.0574209988117218,
        0.05604099854826927,
        0.060270000249147415,
        0.056770000606775284,
        0.05634000152349472,
        0.05784999951720238,
        0.05835000053048134,
        0.05618999898433685,
        0.05632999911904335,
        0.05996000021696091,
        0.05488000065088272,
        0.05440099909901619,
        0.05613100156188011,
        0.05901100113987923,
        0.05432099848985672,
        0.054179999977350235,
        0.05982000008225441,
        0.060770001262426376,
        0.054340001195669174,
        0.05494000017642975
    ],
    "minKnap": [
        0.04692099988460541,
        0.034940000623464584,
        0.03392000123858452,
        0.03447100147604942,
        0.03356099873781204,
        0.033799998462200165,
        0.03382999822497368,
        0.03740999847650528,
        0.034540001302957535,
        0.03319000080227852,
        0.032660000026226044,
        0.03384999930858612,
        0.032990001142024994,
        0.03849999979138374,
        0.03813999891281128,
        0.03482099995017052,
        0.03395099937915802,
        0.035780999809503555,
        0.03564999997615814,
        0.049559999257326126,
        0.034529998898506165,
        0.03505000099539757,
        0.034630000591278076,
        0.03466999903321266,
        0.034380000084638596,
        0.03957999870181084,
        0.036990001797676086,
        0.03452000021934509,
        0.035349998623132706,
        0.03574100136756897
    ]
}