{
    "expTimes": [
        0.13099099695682526,
        0.0780709981918335,
        0.09390100091695786,
        0.09226000308990479,
        0.0660099983215332,
        0.06945999711751938,
        0.06752999871969223,
        0.061000000685453415,
        0.05862100049853325,
        0.05840099975466728,
        0.05910100042819977,
        0.062449999153614044,
        0.07085999846458435,
        0.07184000313282013,
        0.0871099978685379,
        0.06518000364303589,
        0.06049000099301338,
        0.06241000071167946,
        0.06100999936461449,
        0.06081100180745125,
        0.06263100355863571,
        0.06272099912166595,
        0.05963100120425224,
        0.05976000055670738,
        0.05854000151157379,
        0.060520000755786896,
        0.062130000442266464,
        0.06558100134134293,
        0.07086099684238434,
        0.06214100122451782
    ],
    "minKnap": [
        0.05286100134253502,
        0.04024000093340874,
        0.18163099884986877,
        0.02857000008225441,
        0.02948099933564663,
        0.028049999848008156,
        0.028680000454187393,
        0.02993999980390072,
        0.02831999957561493,
        0.028030000627040863,
        0.028039999306201935,
        0.029239999130368233,
        0.02785000018775463,
        0.03017999976873398,
        0.030729999765753746,
        0.02816000021994114,
        0.028449999168515205,
        0.028061000630259514,
        0.03012000024318695,
        0.031539998948574066,
        0.032030001282691956,
        0.028270000591874123,
        0.02761000022292137,
        0.028750000521540642,
        0.028139999136328697,
        0.031550999730825424,
        0.02807999961078167,
        0.02841000072658062,
        0.02865000069141388,
        0.02988000027835369
    ]
}