{
    "expTimes": [
        0.15024100244045258,
        0.06230099871754646,
        0.07377099990844727,
        0.06603100150823593,
        0.06372100114822388,
        0.062081001698970795,
        0.061670999974012375,
        0.06036100164055824,
        0.06321100145578384,
        0.0638199970126152,
        0.06207000091671944,
        0.06120999902486801,
        0.06105000153183937,
        0.06088000163435936,
        0.06004000082612038,
        0.059130001813173294,
        0.06089000031352043,
        0.06330999732017517,
        0.0669109970331192,
        0.1307010054588318,
        0.08562000095844269,
        0.06367000192403793,
        0.06305000185966492,
        0.06678999960422516,
        0.061601001769304276,
        0.06024099886417389,
        0.06009100005030632,
        0.06147100031375885,
        0.06377000361680984,
        0.05916000157594681
    ],
    "minKnap": [
        0.05280100181698799,
        0.035829998552799225,
        0.03551999852061272,
        0.03400000184774399,
        0.03537999838590622,
        0.03375000134110451,
        0.035349998623132706,
        0.03852999955415726,
        0.03593999892473221,
        0.033890001475811005,
        0.035999998450279236,
        0.035599999129772186,
        0.034529998898506165,
        0.03738100081682205,
        0.03371100127696991,
        0.03803100064396858,
        0.03375000134110451,
        0.037459999322891235,
        0.1782509982585907,
        0.0284000001847744,
        0.026350999251008034,
        0.02645000070333481,
        0.02640100009739399,
        0.026350000873208046,
        0.027890000492334366,
        0.028790000826120377,
        0.02631000056862831,
        0.026340000331401825,
        0.026410000398755074,
        0.026410000398755074
    ]
}