{
    "expTimes": [
        0.1324709951877594,
        0.06267099827528,
        0.06439100205898285,
        0.05926100164651871,
        0.06233099848031998,
        0.058821000158786774,
        0.0573199987411499,
        0.060600001364946365,
        0.06071000173687935,
        0.06357000023126602,
        0.05666999891400337,
        0.12946100533008575,
        0.08982100337743759,
        0.08637099713087082,
        0.0837009996175766,
        0.08540099859237671,
        0.08574999868869781,
        0.13602100312709808,
        0.08868099749088287,
        0.08425100147724152,
        0.0858210027217865,
        0.08355999737977982,
        0.06267999857664108,
        0.06272999942302704,
        0.057999998331069946,
        0.06080999970436096,
        0.060830000787973404,
        0.06449099630117416,
        0.061911001801490784,
        0.06275100260972977
    ],
    "minKnap": [
        0.05788100138306618,
        0.03871000185608864,
        0.03313999995589256,
        0.03517000004649162,
        0.03558000177145004,
        0.033980000764131546,
        0.03485000133514404,
        0.03480999916791916,
        0.034690000116825104,
        0.03338000178337097,
        0.03457999974489212,
        0.033670999109745026,
        0.03410999849438667,
        0.03869999945163727,
        0.03413999825716019,
        0.03564999997615814,
        0.03492100164294243,
        0.033911000937223434,
        0.035029999911785126,
        0.038690000772476196,
        0.03587000072002411,
        0.03540100157260895,
        0.036031000316143036,
        0.041290998458862305,
        0.034240998327732086,
        0.037000998854637146,
        0.03554999828338623,
        0.03570999950170517,
        0.037039998918771744,
        0.033580001443624496
    ]
}