{
    "expTimes": [
        0.13211099803447723,
        0.13433100283145905,
        0.0906509980559349,
        0.08708100020885468,
        0.059640999883413315,
        0.12789100408554077,
        0.09359999746084213,
        0.0824899971485138,
        0.0794299989938736,
        0.08155100047588348,
        0.06636100262403488,
        0.06403099745512009,
        0.060621000826358795,
        0.061820000410079956,
        0.05837000161409378,
        0.05889999866485596,
        0.061739999800920486,
        0.06004999950528145,
        0.060839999467134476,
        0.058720000088214874,
        0.06570100039243698,
        0.067781001329422,
        0.06042100116610527,
        0.05804099887609482,
        0.060371000319719315,
        0.0603410005569458,
        0.05682000145316124,
        0.06702999770641327,
        0.06241999939084053,
        0.059459999203681946
    ],
    "minKnap": [
        0.05087000131607056,
        0.037321001291275024,
        0.03353999927639961,
        0.03573000058531761,
        0.035829998552799225,
        0.03328000009059906,
        0.035050999373197556,
        0.036479998379945755,
        0.036329999566078186,
        0.03395000100135803,
        0.0400100015103817,
        0.0343099981546402,
        0.03387000039219856,
        0.04117000102996826,
        0.03398999944329262,
        0.03568999841809273,
        0.033831000328063965,
        0.03428100049495697,
        0.03476100042462349,
        0.03752100095152855,
        0.03472999855875969,
        0.034170001745224,
        0.033969998359680176,
        0.03365999832749367,
        0.03452000021934509,
        0.03740999847650528,
        0.03506999835371971,
        0.03443000093102455,
        0.03514999896287918,
        0.03352100029587746
    ]
}