{
    "expTimes": [
        0.1978510022163391,
        0.08889999985694885,
        0.09554100036621094,
        0.13895100355148315,
        0.09354999661445618,
        0.09070999920368195,
        0.08483000099658966,
        0.06212000176310539,
        0.060109999030828476,
        0.060350000858306885,
        0.09199000149965286,
        0.06528999656438828,
        0.06019999831914902,
        0.06080999970436096,
        0.06187000125646591,
        0.059289999306201935,
        0.0633310005068779,
        0.060221001505851746,
        0.07013099640607834,
        0.0612809993326664,
        0.06145099923014641,
        0.06151000037789345,
        0.05981000140309334,
        0.12882100045681,
        0.092740997672081,
        0.09228099882602692,
        0.06400000303983688,
        0.06154099851846695,
        0.05992100015282631,
        0.05873100087046623
    ],
    "minKnap": [
        0.04967999830842018,
        0.16201099753379822,
        0.030489999800920486,
        0.03311000019311905,
        0.03604999929666519,
        0.03314099833369255,
        0.03576099872589111,
        0.034040000289678574,
        0.0350399985909462,
        0.03247100114822388,
        0.03241100162267685,
        0.03235999867320061,
        0.03214100003242493,
        0.03622100129723549,
        0.03225100040435791,
        0.03359000012278557,
        0.032710000872612,
        0.032579999417066574,
        0.036639999598264694,
        0.03545999899506569,
        0.03327000141143799,
        0.033229999244213104,
        0.029090000316500664,
        0.030160000547766685,
        0.02864000014960766,
        0.03215000033378601,
        0.03751000016927719,
        0.032499998807907104,
        0.03269999846816063,
        0.02850000001490116
    ]
}