{
    "expTimes": [
        0.12342099845409393,
        0.0742809996008873,
        0.06345099955797195,
        0.05718100070953369,
        0.054040998220443726,
        0.05477000027894974,
        0.05392000079154968,
        0.0581899993121624,
        0.059450000524520874,
        0.058490000665187836,
        0.05635000020265579,
        0.05730099976062775,
        0.05682099983096123,
        0.05844099819660187,
        0.05668000131845474,
        0.06013000011444092,
        0.058159999549388885,
        0.0574599988758564,
        0.056800998747348785,
        0.054520998150110245,
        0.05764999985694885,
        0.07461000233888626,
        0.05446000024676323,
        0.05418999865651131,
        0.05512100085616112,
        0.05244100093841553,
        0.05372999981045723,
        0.05324999988079071,
        0.053040001541376114,
        0.06176000088453293
    ],
    "minKnap": [
        0.047609999775886536,
        0.033560000360012054,
        0.031109999865293503,
        0.031300000846385956,
        0.0326399989426136,
        0.032010000199079514,
        0.03533000126481056,
        0.03615099936723709,
        0.03494099900126457,
        0.03386100009083748,
        0.03187999874353409,
        0.035029999911785126,
        0.03162999823689461,
        0.03627000004053116,
        0.03254999965429306,
        0.03238999843597412,
        0.03313000127673149,
        0.03161099925637245,
        0.274262011051178,
        0.028310000896453857,
        0.026200000196695328,
        0.026089999824762344,
        0.026921000331640244,
        0.027560999616980553,
        0.026159999892115593,
        0.029179999604821205,
        0.026100000366568565,
        0.026249999180436134,
        0.026101000607013702,
        0.027319999411702156
    ]
}