{
    "expTimes": [
        0.1341399997472763,
        0.05578000098466873,
        0.06657999753952026,
        0.06322100013494492,
        0.060430001467466354,
        0.11434099823236465,
        0.08299099653959274,
        0.07780099660158157,
        0.07973100244998932,
        0.05420000106096268,
        0.05091100186109543,
        0.05142100155353546,
        0.05280100181698799,
        0.05110999941825867,
        0.11775100231170654,
        0.0780009999871254,
        0.07691100239753723,
        0.33913299441337585,
        0.06283099949359894,
        0.05854099988937378,
        0.054940998554229736,
        0.05666999891400337,
        0.056529998779296875,
        0.056609999388456345,
        0.06179000064730644,
        0.058070000261068344,
        0.05324000120162964,
        0.057110998779535294,
        0.052271001040935516,
        0.0546410009264946
    ],
    "minKnap": [
        0.050280001014471054,
        0.03804999962449074,
        0.03412000089883804,
        0.04362000152468681,
        0.03711999952793121,
        0.03553999960422516,
        0.03593999892473221,
        0.03739999979734421,
        0.03692999854683876,
        0.035100001841783524,
        0.03376000002026558,
        0.03519999980926514,
        0.03627000004053116,
        0.03894999995827675,
        0.03533000126481056,
        0.037620000541210175,
        0.034609999507665634,
        0.03463999927043915,
        0.03601999953389168,
        0.039659999310970306,
        0.035420000553131104,
        0.035670001059770584,
        0.03511999920010567,
        0.035029999911785126,
        0.04173099994659424,
        0.03376099839806557,
        0.03469099849462509,
        0.034609999507665634,
        0.03187999874353409,
        0.032910000532865524
    ]
}