{
    "expTimes": [
        0.19456200301647186,
        0.08475100249052048,
        0.09292100369930267,
        0.06216999888420105,
        0.12728999555110931,
        0.09365099668502808,
        0.08778099715709686,
        0.08285100013017654,
        0.0797009989619255,
        0.059241000562906265,
        0.05691099911928177,
        0.05970099940896034,
        0.0642710030078888,
        0.06404100358486176,
        0.059790998697280884,
        0.09029100090265274,
        0.0618010014295578,
        0.06590999662876129,
        0.060499999672174454,
        0.061420001089572906,
        0.06078999862074852,
        0.06139000132679939,
        0.060600001364946365,
        0.06033099815249443,
        0.06912100315093994,
        0.06496100127696991,
        0.0818910002708435,
        0.07220099866390228,
        0.06372100114822388,
        0.061101000756025314
    ],
    "minKnap": [
        0.04871999844908714,
        0.03976999968290329,
        0.03658000007271767,
        0.03680000081658363,
        0.03911000117659569,
        0.037870001047849655,
        0.03855999931693077,
        0.04097000136971474,
        0.0384799987077713,
        0.03725000098347664,
        0.035679999738931656,
        0.03782999888062477,
        0.03637000173330307,
        0.0392099991440773,
        0.03660999983549118,
        0.036309998482465744,
        0.03587999939918518,
        0.294871985912323,
        0.02831999957561493,
        0.03141000121831894,
        0.02843100018799305,
        0.02844100072979927,
        0.027990000322461128,
        0.028209999203681946,
        0.028379999101161957,
        0.03197000175714493,
        0.03013000078499317,
        0.03328999876976013,
        0.02889000065624714,
        0.03043000027537346
    ]
}