{
    "expTimes": [
        0.14750100672245026,
        0.07382000237703323,
        0.08030000329017639,
        0.07531999796628952,
        0.07538100332021713,
        0.07732100039720535,
        0.08037099987268448,
        0.07905100286006927,
        0.07422000169754028,
        0.0732399970293045,
        0.07349999994039536,
        0.07402999699115753,
        0.07633999735116959,
        0.0744599997997284,
        0.07279100269079208,
        0.07219099998474121,
        0.07665099948644638,
        0.07625100016593933,
        0.07605099678039551,
        0.07531099766492844,
        0.07458099722862244,
        0.07539000362157822,
        0.07390999794006348,
        0.0744599997997284,
        0.07656999677419662,
        0.07311999797821045,
        0.07308000326156616,
        0.07162000238895416,
        0.07165999710559845,
        0.07422000169754028
    ],
    "minKnap": [
        0.06191999837756157,
        0.046820998191833496,
        0.046661000698804855,
        0.043699998408555984,
        0.04456999897956848,
        0.04489000141620636,
        0.04667000100016594,
        0.0473800003528595,
        0.04610000178217888,
        0.04524099826812744,
        0.04459099844098091,
        0.04265100136399269,
        0.04180099815130234,
        0.04975999891757965,
        0.04318000003695488,
        0.045049998909235,
        0.19506099820137024,
        0.03680000081658363,
        0.040139999240636826,
        0.03979000076651573,
        0.037859998643398285,
        0.03612999990582466,
        0.036320000886917114,
        0.036309998482465744,
        0.036591000854969025,
        0.039671000093221664,
        0.03665100038051605,
        0.04290099814534187,
        0.03840100020170212,
        0.036191001534461975
    ]
}