{
    "expTimes": [
        0.1205499991774559,
        0.060419999063014984,
        0.06549999862909317,
        0.0587799996137619,
        0.06009000167250633,
        0.05793000012636185,
        0.055709999054670334,
        0.056060001254081726,
        0.05762999877333641,
        0.058639999479055405,
        0.05643099918961525,
        0.057050999253988266,
        0.05547099933028221,
        0.13040100038051605,
        0.07721100002527237,
        0.08093000203371048,
        0.07645999640226364,
        0.07422000169754028,
        0.07760000228881836,
        0.056449998170137405,
        0.05420000106096268,
        0.05933099985122681,
        0.05594100058078766,
        0.058260999619960785,
        0.056060999631881714,
        0.05658100172877312,
        0.056060001254081726,
        0.05894000083208084,
        0.057999998331069946,
        0.05496000126004219
    ],
    "minKnap": [
        0.04548100009560585,
        0.03784999996423721,
        0.036559998989105225,
        0.03554999828338623,
        0.03756999969482422,
        0.0350399985909462,
        0.038391001522541046,
        0.03826100006699562,
        0.035620998591184616,
        0.035190001130104065,
        0.03328999876976013,
        0.03680000081658363,
        0.03446999937295914,
        0.038989998400211334,
        0.035999998450279236,
        0.03627000004053116,
        0.03652099892497063,
        0.034811001271009445,
        0.03419100120663643,
        0.036761000752449036,
        0.0341310016810894,
        0.0349700003862381,
        0.0340300016105175,
        0.03514000028371811,
        0.03424999862909317,
        0.036729998886585236,
        0.03523999825119972,
        0.03386000171303749,
        0.0357000008225441,
        0.03458100184798241
    ]
}