{
    "expTimes": [
        0.13618099689483643,
        0.07408999651670456,
        0.0810299962759018,
        0.07232999801635742,
        0.07378099858760834,
        0.07179100066423416,
        0.0731310024857521,
        0.07338099926710129,
        0.08056099712848663,
        0.07429099828004837,
        0.07208099961280823,
        0.07278099656105042,
        0.06977099925279617,
        0.07065100222826004,
        0.07716099917888641,
        0.0769210010766983,
        0.06979099661111832,
        0.06965100020170212,
        0.07043100148439407,
        0.06995099782943726,
        0.07060100138187408,
        0.07469099760055542,
        0.07377000153064728,
        0.0717800036072731,
        0.07027000188827515,
        0.06931000202894211,
        0.15615099668502808,
        0.11695100367069244,
        0.11379999667406082,
        0.1109509989619255
    ],
    "minKnap": [
        0.049309998750686646,
        0.035360999405384064,
        0.034210000187158585,
        0.034630000591278076,
        0.033879999071359634,
        0.03384999930858612,
        0.034370001405477524,
        0.03584999963641167,
        0.03491000086069107,
        0.03353999927639961,
        0.03263000026345253,
        0.03443999961018562,
        0.03347000107169151,
        0.036990001797676086,
        0.03347000107169151,
        0.035190001130104065,
        0.03392000123858452,
        0.03441999852657318,
        0.03621000051498413,
        0.039340000599622726,
        0.036639999598264694,
        0.041600000113248825,
        0.27274200320243835,
        0.02900099940598011,
        0.02875100076198578,
        0.030251000076532364,
        0.029261000454425812,
        0.030910000205039978,
        0.030649999156594276,
        0.029559999704360962
    ]
}