{
    "expTimes": [
        0.13596099615097046,
        0.062070999294519424,
        0.06506100296974182,
        0.06605099886655807,
        0.06943099945783615,
        0.06835100054740906,
        0.0631909966468811,
        0.1320910006761551,
        0.0892999991774559,
        0.08376999944448471,
        0.06487999856472015,
        0.061000000685453415,
        0.05861999839544296,
        0.0754999965429306,
        0.06005999818444252,
        0.06174999848008156,
        0.06036999821662903,
        0.06576000154018402,
        0.06239999830722809,
        0.06582000106573105,
        0.06632000207901001,
        0.05986100062727928,
        0.06267099827528,
        0.0619410015642643,
        0.06238099932670593,
        0.06195100024342537,
        0.06210999935865402,
        0.0638199970126152,
        0.08226999640464783,
        0.0681999996304512
    ],
    "minKnap": [
        0.05313099920749664,
        0.040709998458623886,
        0.036729998886585236,
        0.03903999924659729,
        0.043150000274181366,
        0.03818000108003616,
        0.03767000138759613,
        0.0405299998819828,
        0.03920000046491623,
        0.03892099857330322,
        0.03560100123286247,
        0.038040999323129654,
        0.03614100068807602,
        0.04922100156545639,
        0.04372100159525871,
        0.03900099918246269,
        0.03688099980354309,
        0.04115099832415581,
        0.03689099848270416,
        0.18307200074195862,
        0.02947000041604042,
        0.028750000521540642,
        0.029190000146627426,
        0.02930999919772148,
        0.031190000474452972,
        0.03175999969244003,
        0.02913999930024147,
        0.028860000893473625,
        0.028920000419020653,
        0.02896999940276146
    ]
}