{
    "expTimes": [
        0.11166100203990936,
        0.059741001576185226,
        0.05761000141501427,
        0.05042000114917755,
        0.053300000727176666,
        0.05266999825835228,
        0.05040000006556511,
        0.055410999804735184,
        0.051681000739336014,
        0.05334100127220154,
        0.05513999983668327,
        0.05135999992489815,
        0.05121999979019165,
        0.052000001072883606,
        0.0508899986743927,
        0.05049100145697594,
        0.06633099913597107,
        0.05087999999523163,
        0.05632000043988228,
        0.05350000038743019,
        0.05381999909877777,
        0.05181000009179115,
        0.05427100136876106,
        0.05111100152134895,
        0.05773000046610832,
        0.05344000086188316,
        0.05048999935388565,
        0.05257999897003174,
        0.07598099857568741,
        0.05150099843740463
    ],
    "minKnap": [
        0.04404100030660629,
        0.034630000591278076,
        0.03333999961614609,
        0.03280999884009361,
        0.03450100123882294,
        0.03283099830150604,
        0.033479999750852585,
        0.03488999977707863,
        0.03350000083446503,
        0.03370999917387962,
        0.03434000164270401,
        0.033730000257492065,
        0.03474099934101105,
        0.03663099929690361,
        0.03334999829530716,
        0.03327000141143799,
        0.03334999829530716,
        0.032669998705387115,
        0.03400000184774399,
        0.03748000040650368,
        0.1776610016822815,
        0.027271000668406487,
        0.026510000228881836,
        0.026429999619722366,
        0.02677999995648861,
        0.02879999950528145,
        0.026931000873446465,
        0.026249999180436134,
        0.028049999848008156,
        0.02652999944984913
    ]
}