{
    "expTimes": [
        0.12217999994754791,
        0.07678099721670151,
        0.07111100107431412,
        0.06296099722385406,
        0.0604810006916523,
        0.05942099913954735,
        0.058511000126600266,
        0.1299010068178177,
        0.0831800028681755,
        0.08771000057458878,
        0.06446000188589096,
        0.0630199983716011,
        0.0776899978518486,
        0.06757999956607819,
        0.07552000135183334,
        0.0691400021314621,
        0.06458999961614609,
        0.06504999846220016,
        0.07524999976158142,
        0.09077999740839005,
        0.06577999889850616,
        0.07010000199079514,
        0.07368999719619751,
        0.0652099996805191,
        0.061080001294612885,
        0.06111999973654747,
        0.05875999853014946,
        0.05770000070333481,
        0.061181001365184784,
        0.0618010014295578
    ],
    "minKnap": [
        0.048650000244379044,
        0.08575999736785889,
        0.03207999840378761,
        0.035280000418424606,
        0.035349998623132706,
        0.03328000009059906,
        0.03471999987959862,
        0.035760000348091125,
        0.036959998309612274,
        0.04163099825382233,
        0.031950000673532486,
        0.037060000002384186,
        0.03309100121259689,
        0.03681100159883499,
        0.03313000127673149,
        0.03491999953985214,
        0.03299099951982498,
        0.031221000477671623,
        0.03502099961042404,
        0.037730999290943146,
        0.03195999935269356,
        0.03558000177145004,
        0.035179998725652695,
        0.03513000160455704,
        0.033250000327825546,
        0.035541001707315445,
        0.03429099917411804,
        0.0326399989426136,
        0.033799998462200165,
        0.031209999695420265
    ]
}