{
    "expTimes": [
        0.12251099944114685,
        0.06170099973678589,
        0.06682100147008896,
        0.057130999863147736,
        0.053631000220775604,
        0.05705000087618828,
        0.05908999964594841,
        0.057659998536109924,
        0.05358000099658966,
        0.054579999297857285,
        0.05071999877691269,
        0.056290000677108765,
        0.051589999347925186,
        0.12609000504016876,
        0.08556099981069565,
        0.07520099729299545,
        0.07547099888324738,
        0.05925099924206734,
        0.05609099939465523,
        0.054600998759269714,
        0.057461000978946686,
        0.053279999643564224,
        0.05691999942064285,
        0.05530000105500221,
        0.057339999824762344,
        0.05584999918937683,
        0.05522000044584274,
        0.0637499988079071,
        0.058410000056028366,
        0.06086999922990799
    ],
    "minKnap": [
        0.05483099818229675,
        0.18647100031375885,
        0.03589000180363655,
        0.0376800000667572,
        0.036979999393224716,
        0.037459999322891235,
        0.03711000084877014,
        0.0421999990940094,
        0.03897999972105026,
        0.039489999413490295,
        0.037321001291275024,
        0.03980100154876709,
        0.037710998207330704,
        0.04204000160098076,
        0.03919000178575516,
        0.04526999965310097,
        0.04061000049114227,
        0.037620000541210175,
        0.039400000125169754,
        0.04123000055551529,
        0.045079998672008514,
        0.03838000074028969,
        0.04024999961256981,
        0.038600001484155655,
        0.0377810001373291,
        0.039521001279354095,
        0.039271000772714615,
        0.038780998438596725,
        0.040001001209020615,
        0.039500001817941666
    ]
}