{
    "expTimes": [
        0.12231100350618362,
        0.06310000270605087,
        0.07100000232458115,
        0.05869999900460243,
        0.06425999850034714,
        0.06159999966621399,
        0.060100000351667404,
        0.0595100000500679,
        0.06120000034570694,
        0.06831999868154526,
        0.08367999643087387,
        0.0644799992442131,
        0.060499999672174454,
        0.060520000755786896,
        0.059579998254776,
        0.05889999866485596,
        0.06287000328302383,
        0.06128000095486641,
        0.06047099828720093,
        0.06186100095510483,
        0.061510998755693436,
        0.06115100160241127,
        0.06210099905729294,
        0.0674310028553009,
        0.1310809999704361,
        0.08643999695777893,
        0.0830100029706955,
        0.08395099639892578,
        0.06253000348806381,
        0.06261000037193298
    ],
    "minKnap": [
        0.052560001611709595,
        0.04163099825382233,
        0.038690999150276184,
        0.03911999985575676,
        0.03925099968910217,
        0.03793099895119667,
        0.03907100111246109,
        0.039181001484394073,
        0.04037100076675415,
        0.039740998297929764,
        0.03607099875807762,
        0.03853100165724754,
        0.0379909984767437,
        0.03995100036263466,
        0.037730999290943146,
        0.037730999290943146,
        0.03685000166296959,
        0.036010000854730606,
        0.03677999973297119,
        0.0408799983561039,
        0.037450000643730164,
        0.03717999905347824,
        0.03894000127911568,
        0.04109000042080879,
        0.03655000030994415,
        0.0385110005736351,
        0.038120999932289124,
        0.037390001118183136,
        0.03914999961853027,
        0.03945999965071678
    ]
}