{
    "expTimes": [
        0.12528100609779358,
        0.05629099905490875,
        0.06307099759578705,
        0.07367099821567535,
        0.05720999836921692,
        0.056779999285936356,
        0.059769999235868454,
        0.05756999924778938,
        0.05851000174880028,
        0.12269999831914902,
        0.08317100256681442,
        0.07821100205183029,
        0.07878100126981735,
        0.059790998697280884,
        0.06080099940299988,
        0.05904100090265274,
        0.05649999901652336,
        0.06373000144958496,
        0.056460000574588776,
        0.05764000117778778,
        0.06054000183939934,
        0.05705999955534935,
        0.05806000158190727,
        0.05567000061273575,
        0.060040999203920364,
        0.0531810000538826,
        0.054760999977588654,
        0.05565100163221359,
        0.05333999916911125,
        0.05641999840736389
    ],
    "minKnap": [
        0.05262099951505661,
        0.0393499992787838,
        0.03587999939918518,
        0.03531000018119812,
        0.0350399985909462,
        0.034929998219013214,
        0.03681999817490578,
        0.036249998956918716,
        0.037161000072956085,
        0.03483099862933159,
        0.0371600016951561,
        0.035270001739263535,
        0.03454999998211861,
        0.0400799997150898,
        0.035190001130104065,
        0.03652000054717064,
        0.03452000021934509,
        0.03472999855875969,
        0.03522000089287758,
        0.03893100097775459,
        0.037390999495983124,
        0.03695100173354149,
        0.0356610007584095,
        0.03488000109791756,
        0.03531000018119812,
        0.03691000118851662,
        0.0361500009894371,
        0.03602999821305275,
        0.03629999980330467,
        0.03471999987959862
    ]
}